Number,SMILES,IC50 NDM (uM),,,,
816,OC(C1=CC=CC2=C1OB(O)[C@@H](NC(C[C@H]3CC[C@H](NCCN)CC3)=O)C2)=O,0.01,,,,
918,OC([C@H](N)CN[C@@H](C(O)=O)CN[C@H](C(O)=O)CC(O)=O)=O,0.011,,,,
15,O=C(O)C1=NC(CN(CCN(CC2=NC(C(O)=O)=CC=C2)CC3=CC=C(OC)C=C3)CC4=CC=C(OC)C=C4)=CC=C1,0.04,,,,
737,N1CCNCCNCC1,0.044,,,,
793,OC(C1=CC=CC(P(O)(O)=O)=N1)=O,0.064,,,,
794,OC(C1=CC=CC(CP(O)(O)=O)=N1)=O,0.068,,,,
362,O=C(NC1=CC=C(CCCC)C=C1)CSC2=NN=C(C3=CC=CC=C3)N2,0.15,,,,
40,O=C1N(C2=CC=CC=C2)SC3=CC=CC=C31,0.16,,,,
355,O=C(NC1=CC=CC=C1C)CSC2=NN=C(C3=CC=CC=C3O)N2,0.16,,,,
363,O=C(NC1=CC=C(CCCC)C=C1)CSC2=NN=C(C3=CC=CC=C3O)N2,0.16,,,,
365,O=C(NC1=CC=C(CCCC)C=C1)CSC2=NN=C(C3=CC=CC=C3N)N2,0.16,,,,
371,O=C(NC1=CC=CC(Cl)=C1)CSC2=NN=C(C3=CC=CC=C3O)N2,0.16,,,,
2,OC1=C(C2=NN=C(SCC(NC3=CC(Cl)=CC=C3)=O)N2)C=CC=C1,0.17,,,,
14,O=C(O)C1=NC(CNCCNCC2=CC=CC(C(O)=O)=N2)=CC=C1,0.17,,,,
216,O=C(CSC1=NN=C(C2=C(N)C=CC=C2)N1)NC3=NC4=CC([N+]([O-])=O)=CC=C4O3,0.17,,,,
350,O=C(NC1=CC=CC=C1)CSC2=NN=C(C3=CC=CC=C3)N2,0.17,,,,
787,OC(C[C@@H](C(O)=O)NCCN[C@H](C(O)=O)CC(O)=O)=O,0.18,,,,
354,O=C(NC1=CC=CC=C1C)CSC2=NN=C(C3=CC=CC=C3)N2,0.19,,,,
48,O=C1N(CCN2C(C3=CC=CC=C3S2)=O)SC4=CC=CC=C41,0.2,,,,
804,OC(C1=CC(C2=CC=C(OC)C=C2)=CC(CP(O)(O)=O)=N1)=O,0.2,,,,
373,O=C(NC1=CC=CC(Cl)=C1)CSC2=NN=C(C3=CC=CC=C3N)N2,0.23,,,,
460,O=C(NC1=CC=CC=C1)CSC(O2)=NN=C2C3=CC=NC=C3,0.23,,,,
814,OC(C1=CC(C2=CC=CC=C2N)=CC(CP(O)(O)=O)=N1)=O,0.24,,,,
49,O=C1N(C(NCCC)=O)SC2=CC=CC=C21,0.26,,,,
809,OC(C1=CC(C2=CC=CC(O)=C2)=CC(CP(O)(O)=O)=N1)=O,0.28,,,,
813,OC(C1=CC(C2=CC=CC=C2O)=CC(CP(O)(O)=O)=N1)=O,0.28,,,,
129,O=C(O)C1=C(NS(C2=CC=CN=C2)(=O)=O)SC=N1,0.29,,,,
806,OC(C1=CC(C2=CC=C(N)C=C2)=CC(CP(O)(O)=O)=N1)=O,0.3,,,,
812,OC(C1=CC(C2=CC=CC=C2OC)=CC(CP(O)(O)=O)=N1)=O,0.3,,,,
100,OC(C1=NC(C(N(CC2=CC=CC=C2)C(C3=CC=CS3)=O)P(O)(O)=O)=CC=C1)=O,0.306,,,,
159,OC(C1=CC=C(C2=CC(Cl)=CC=C2)C=C1CS)=O,0.31,,,,
255,OC(C1=CC(NCC2=CC=C(OC)C=C2)=CC(C(O)=O)=N1)=O,0.32,,,,
99,OC(C1=NC(C(O)P(O)(O)=O)=CC=C1)=O,0.322,,,,
353,O=C(NC1=CC=CC=C1)CSC2=NN=C(C3=CC=CC=C3N)N2,0.33,,,,
366,O=C(NC1=CC=CC=C1Cl)CSC2=NN=C(C3=CC=CC=C3)N2,0.35,,,,
450,OC1=CC=CC=C1C(N2)=NN=C2SCC(NC(S3)=NC4=C3C=CC=C4)=O,0.35,,,,
3,OC1=C(C2=NN=C(SCC(NC3=CC=C(Cl)C=C3)=O)N2)C=CC=C1,0.37,,,,
372,O=C(NC1=CC=CC(Cl)=C1)CSC2=NN=C(C3=CC=C(O)C=C3)N2,0.37,,,,
98,OC(C1=NC(CP(O)(O)=O)=CC=C1)=O,0.374,,,,
783,O=C1N(C2=CC=CC=C2)[Se]C3=CC=CC=C31,0.38,,,,
1010,OC1=C(C(NNC(S[K])=S)=O)C=CC=C1,0.38,,,,
51,O=C1N(C(NCC2=CC=CO2)=O)SC3=CC=CC=C31,0.4,,,,
807,OC(C1=CC(C2=CC=C(Cl)C=C2)=CC(CP(O)(O)=O)=N1)=O,0.4,,,,
810,OC(C1=CC(C2=CC=CC(N)=C2)=CC(CP(O)(O)=O)=N1)=O,0.4,,,,
803,OC(C1=CC(C2=CC=CC=C2)=CC(CP(O)(O)=O)=N1)=O,0.41,,,,
160,OC(C1=CC=C(C2=CC=C(Cl)C=C2)C=C1CS)=O,0.42,,,,
351,O=C(NC1=CC=CC=C1)CSC2=NN=C(C3=CC=CC=C3O)N2,0.42,,,,
459,O=C(NC1=CC=CC=C1)CSC(N2)=NN=C2C3=CC=NC=C3,0.42,,,,
808,OC(C1=CC(C2=CC=CC(OC)=C2)=CC(CP(O)(O)=O)=N1)=O,0.42,,,,
259,OC(C1=CC(C2=CC=CC=C2)=CC(C(O)=O)=N1)=O,0.43,,,,
453,OC1=CC=CC=C1C2=NN=C(SCC(NC3=CC=CC=C3)=O)N2,0.43,,,,
361,O=C(NC1=CC=CC=C1CC)CSC2=NN=C(C3=CC=CC=C3N)N2,0.45,,,,
41,O=C1N(C2=CC=C(C)C=C2)SC3=CC=CC=C31,0.48,,,,
364,O=C(NC1=CC=C(CCCC)C=C1)CSC2=NN=C(C3=CC=C(O)C=C3)N2,0.48,,,,
805,OC(C1=CC(C2=CC=C(O)C=C2)=CC(CP(O)(O)=O)=N1)=O,0.48,,,,
212,O=C(CSC1=NN=C(CC2=CC=CC=C2)O1)NC3=NC4=CC([N+]([O-])=O)=CC=C4O3,0.5,,,,
257,OC(C1=CC(NCC2=CC=CS2)=CC(C(O)=O)=N1)=O,0.5,,,,
43,O=C1N(C2=CC=C(C(OC)=O)C=C2)SC3=CC=CC=C31,0.52,,,,
241,OC(C1=CC=CC(C(O)=O)=N1)=O,0.52,,,,
258,OC(C1=CC(NCC2=CC=CO2)=CC(C(O)=O)=N1)=O,0.52,,,,
368,O=C(NC1=CC=CC=C1Cl)CSC2=NN=C(C3=CC=C(O)C=C3)N2,0.52,,,,
1016,O=C(NNC(S[K])=S)C1=CC=C(C(C)(C)C)C=C1,0.52,,,,
1017,O=C(NNC(S[K])=S)C1=CC=CC=C1,0.53,,,,
167,OC(C1=CC=C(C2=CC=C(CC)C=C2)C=C1CS)=O,0.57,,,,
262,OC(C1=CC(C2=CC=C(N(C)C)C=C2)=CC(C(O)=O)=N1)=O,0.57,,,,
42,O=C1N(C2=CC=C(Cl)C=C2)SC3=CC=CC=C31,0.59,,,,
161,OC(C1=CC=C(C2=CC(F)=CC=C2)C=C1CS)=O,0.59,,,,
254,OC(C1=CC(C2=CC=C(O)C=C2)=CC(C(O)=O)=N1)=O,0.6,,,,
454,OC1=CC=CC=C1C2=NN=C(SCC(NC3=CC=CC=C3)=O)O2,0.6,,,,
369,O=C(NC1=CC=CC=C1Cl)CSC2=NN=C(C3=CC=CC=C3N)N2,0.61,,,,
455,OC1=CC=CC=C1C2=NN=C(SCC(NC3=CC=CC=C3)=O)S2,0.64,,,,
47,O=C1N(C2=CC=CC=C2N)SC3=CC=CC=C31,0.66,,,,
260,OC(C1=CC(C2=CC(OC)=CC=C2)=CC(C(O)=O)=N1)=O,0.66,,,,
116,S=C(N(C1=CC=C(C(O)=O)C=C1)C/2=O)SC2=C/C3=CC=CO3,0.69,,,,
370,O=C(NC1=CC=CC(Cl)=C1)CSC2=NN=C(C3=CC=CC=C3)N2,0.69,,,,
182,OC([C@@H]1N(C(C(CC2=CC=CC=C2)CS)=O)CCCC1)=O,0.7,,,,
162,OC(C1=CC=C(C2=CC=C(F)C=C2)C=C1CS)=O,0.71,,,,
50,O=C1N(C(NCCCC)=O)SC2=CC=CC=C21,0.72,,,,
970,OC1=CC=CC=C1C2=NN=C(S)N2CC=C,0.72,,,,
213,O=C(CSC1=NN=C(CC2=CC=CC=C2)N1N)NC3=NC4=CC([N+]([O-])=O)=CC=C4O3,0.73,,,,
52,O=C1N(CCOC(C2=C(C3=C(C=C/4)C(OC5=CC(N(CC)CC)=CC=C53)=CC4=[N+](CC)/CC)C=CC=C2)=O)SC6=CC=CC=C61,0.74,,,,
45,O=C1N(CC2=CC=CC=C2)SC3=CC=CC=C31,0.77,,,,
44,O=C1N(CC2=CC=CO2)SC3=CC=CC=C31,0.79,,,,
253,OC(C1=CC(C2=CC=C(OC)C=C2)=CC(C(O)=O)=N1)=O,0.8,,,,
452,OC1=CC=CC=C1C(S2)=NN=C2SCC(NC(S3)=NC4=C3C=CC=C4)=O,0.81,,,,
722,O=C(NC1=CC=C(CCNC([C@H](NC([C@H](N)C)=O)C)=O)C=C1)C(C=N2)=CC=C2CN(CC3=NC=CC=C3)CC4=NC=CC=C4,0.81,,,,
256,OC(C1=CC(NCC2=CC=C(OCO3)C3=C2)=CC(C(O)=O)=N1)=O,0.82,,,,
265,OC(C1=CC(C2=CC(NC(C3=CC=CC=C3)=O)=CC=C2)=CC(C(O)=O)=N1)=O,0.86,,,,
266,OC(C1=CC(C2=CC(NC(CC3=CC=CC=C3)=O)=CC=C2)=CC(C(O)=O)=N1)=O,0.86,,,,
263,OC(C1=CC(C2=CC(C(O)=O)=CC=C2)=CC(C(O)=O)=N1)=O,0.89,,,,
359,O=C(NC1=CC=CC=C1CC)CSC2=NN=C(C3=CC=CC=C3O)N2,0.93,,,,
815,OC(C1=CC(C2=CC=CC=C2Cl)=CC(CP(O)(O)=O)=N1)=O,0.95,,,,
1,OC1=C(C2=NN=C(SCC(NC3=C(Cl)C=CC=C3)=O)N2)C=CC=C1,0.96,,,,
356,O=C(NC1=CC=CC=C1C)CSC2=NN=C(C3=CC=C(O)C=C3)N2,0.98,,,,
367,O=C(NC1=CC=CC=C1Cl)CSC2=NN=C(C3=CC=CC=C3O)N2,0.98,,,,
252,OC(C1=CC(C2=C(O)C=CC=C2)=CC(C(O)=O)=N1)=O,0.99,,,,
264,OC(C1=CC(C2=CC(NC(C)=O)=CC=C2)=CC(C(O)=O)=N1)=O,0.99,,,,
358,O=C(NC1=CC=CC=C1CC)CSC2=NN=C(C3=CC=CC=C3)N2,0.99,,,,
46,O=C1N(CCCC2=CC=CC=C2)SC3=CC=CC=C31,1,,,,
221,ClC1=CC=CC(F)=C1CN2CCN(CCCNC(NS(=O)(C3=CC=C(C)C=C3)=O)=O)CC2,1,,,,
971,BrC1=CC=CC(CNN2C=NN=C2S)=C1,1,,,,
261,OC(C1=CC(C2=CC=C(N)C=C2)=CC(C(O)=O)=N1)=O,1.03,,,,
449,ClC1=C(/C=C(C(O)=O)\S)C(Cl)=CC=C1Cl,1.05,,,,
217,O=C(CSC1=NN=C(C2=C(N)C=CC=C2)N1N)NC3=NC4=CC([N+]([O-])=O)=CC=C4O3,1.1,,,,
118,S=C(N(C1=CC=C(C(O)=O)C=C1)C/2=O)SC2=C/C3=NC=CC=C3,1.13,,,,
133,O=C(O)C1=CC=CC(C(O)=O)=N1,1.13,,,,
163,OC(C1=CC=C(C2=C(Cl)C(Cl)=CC=C2)C=C1CS)=O,1.16,,,,
218,O=S(NCCCN(CC1)CCN1CC2=CC=CC=C2)(C3=CC=C(N4C(CCC4=O)=O)C=C3)=O,1.2,,,,
222,OC([C@H](NC(C1=CC=C(C(N[C@@H](C(O)=O)CC2=CC=CC=C2)=O)C=C1)=O)CC3=CC=CC=C3)=O,1.2,,,,
352,O=C(NC1=CC=CC=C1)CSC2=NN=C(C3=CC=C(O)C=C3)N2,1.2,,,,
461,O=C(NC1=CC=CC=C1)CSC(S2)=NN=C2C3=CC=NC=C3,1.2,,,,
811,OC(C1=CC(C2=CC=CC(Cl)=C2)=CC(CP(O)(O)=O)=N1)=O,1.29,,,,
210,O=C(CSC1=NN=C(C2=C(O)C=CC=C2)O1)NC3=NC4=CC([N+]([O-])=O)=CC=C4O3,1.3,,,,
446,SCC(S)CO,1.3,,,,
126,S=C(N(C1=CC=C(C(O)=O)C=C1)C/2=O)SC2=C/C3=C([N+]([O-])=O)C=CC=C3,1.31,,,,
360,O=C(NC1=CC=CC=C1CC)CSC2=NN=C(C3=CC=C(O)C=C3)N2,1.5,,,,
490,SC[C@H](C)C(NCC1=CC=CC=C1)=O,1.5,,,,
1019,OC(C(NNC(S[K])=S)=O)C1=CC=CC=C1,1.52,,,,
184,OC([C@H]1CN(C(C(CC2=CC=CC=C2)CS)=O)CCC1)=O,1.6,,,,
179,OC([C@H](C)NC(C(CC1=CC=CC=C1)CS)=O)=O,1.7,,,,
185,OC(C1CCN(C(C(CC2=CC=CC=C2)CS)=O)CC1)=O,1.8,,,,
302,SCC(CCCC1=CC=CC=C1)P(OCC)(OCC)=O,1.8,,,,
445,SCC(C(NCC(O)=O)=O)CC1=CC=CC=C1,1.8,,,,
219,S=C(NNC(CCC1=NC(C2=CC=C(Cl)C=C2)=NO1)=O)NCCC3=CC=CC=C3,1.9,,,,
357,O=C(NC1=CC=CC=C1C)CSC2=NN=C(C3=CC=CC=C3N)N2,1.9,,,,
349,O=C1C2=C(C=CC=C2)OC=C1C=O,2,,,,
795,OC(C1=CC=CC(CC(O)=O)=N1)=O,2.05,,,,
81,OC(C1=C(SC=N1)NS(=O)(CC2=C(Cl)C=C(Cl)C=C2)=O)=O,2.1,,,,
181,OC(C1CN(C(C(CC2=CC=CC=C2)CS)=O)C1)=O,2.2,,,,
301,SCC(CCC1=CC=CC=C1)P(OCC)(OCC)=O,2.2,,,,
796,OC(C1=CC=CC(C2=NN=NN2)=N1)=O,2.2,,,,
79,OC(C1=C(SC=N1)NS(=O)(CC2=C(Cl)C=CC=C2)=O)=O,2.3,,,,
220,O=C1C=C(CCC)C2=C(C=C(O[C@@H](C)C(NNS(=O)(C3=CC=CC(C(F)(F)F)=C3)=O)=O)C=C2)O1,2.3,,,,
38,O=C1N(CC(C)C)SC2=CC=CC=C21,2.32,,,,
130,OC(C1CCCN1C(C(C)CS)=O)=O,2.38,,,,
187,O=S1(CCN(C(C(CC2=CC=CC=C2)CS)=O)CC1)=O,2.4,,,,
166,OC(C1=CC=C(C2=CC(C=CC=C3)=C3C=C2)C=C1CS)=O,2.42,,,,
37,O=C1N(CC=C)SC2=CC=CC=C21,2.5,,,,
77,OC(C1=C(SC=N1)NS(=O)(CC2=CC=CC=C2)=O)=O,2.5,,,,
188,O=C(C(C(CC1=CC=CC=C1)CS)=O)C2=CC=CC=C2,2.5,,,,
215,O=C(CSC1=NN=C(C2=C(N)C=CC=C2)S1)NC3=NC4=CC([N+]([O-])=O)=CC=C4O3,2.5,,,,
313,OP(C(CCCCC1=CC=CC=C1)CSC(C)=O)(O)=O,2.5,,,,
180,OC(CN(C(C(CC1=CC=CC=C1)CS)=O)C)=O,2.6,,,,
84,OC(C1=C(SC=N1)NS(=O)(C2=CC=CN=C2)=O)=O,2.67,,,,
158,OC(C1=CC=C(C2=C(Cl)C=CC=C2)C=C1CS)=O,2.85,,,,
311,OP(C(CCC1=CC=CC=C1)CSC(C)=O)(O)=O,2.9,,,,
175,O=C(O)[C@H]1N(C(C(CS)CC2=CC=CC=C2)=O)CCC1,3.2,,,,
21,O[C@@H]1[C@@H](O)[C@H](OC2=CC(O)=C(C(C[C@@H](C3=CC(O)=C(OC)C=C3)O4)=O)C4=C2)O[C@H](CO[C@@H]5O[C@@H](C)[C@H](O)[C@@H](O)[C@H]5O)[C@H]1O,3.3,,,,
85,OC(C1=C(SC=N1)NS(=O)(C2=CC=NC=C2)=O)=O,3.4,,,,
244,OC(C1=CC(NC2=CC=CC=C2)=CC(C(O)=O)=N1)=O,3.4,,,,
134,O=C(O)C1SCC(C(O)=O)N1,3.45,,,,
156,OC([C@@H](C1=CC=C(O)C=C1)NC([C@H](C)CS)=O)=O,3.57,,,,
846,SC[C@@H](C)C(N[C@@H](CC1=CC=CC=C1)B(O)O)=O,3.88,,,,
834,O=C1C=C(C2=CC=CC=C2)OC3=C1C(O)=C(O)C(O[C@@H]4O[C@H](C(O)=O)[C@@H](O)[C@H](O)[C@H]4O)=C3,3.89,,,,
465,O=C(NC1=CC=CC=C1)CSC(N2)=NN=C2C3=CN=CC=C3,4.3,,,,
76,OC(C1=C(SC=N1)NS(=O)(C2=CC=CC=C2)=O)=O,4.5,,,,
183,OC([C@H]1N(C(C(CC2=CC=CC=C2)CS)=O)CCCC1)=O,4.5,,,,
247,OC(C1=CC(NC2=CC=C(OC)C=C2)=CC(C(O)=O)=N1)=O,4.5,,,,
251,OC(C1=CC(C2=C(OC)C=CC=C2)=CC(C(O)=O)=N1)=O,4.9,,,,
242,OC(C1=CC(Cl)=CC(C(O)=O)=N1)=O,5,,,,
489,SC[C@@H](C)C(NCC1=CC=CC=C1)=O,5,,,,
491,SC[C@@H](C)C(NCC1=CC=CC=C1O)=O,5,,,,
172,O=C(CN1CCN(CC(O)=O)CCN(CC(O)=O)CC1)O,5.1,,,,
214,O=C(CSC1=NN=C(C2=CC=CC([N+]([O-])=O)=C2)S1)NC3=NC4=CC([N+]([O-])=O)=CC=C4O3,5.1,,,,
250,OC(C1=CC(C2=CC(N(C)C)=CC=C2)=CC(C(O)=O)=N1)=O,5.2,,,,
410,OC(C[C@@H](C(O)=O)NC[C@@H](C(O)=O)NC[C@H](C(O)=O)N)=O,5.2,,,,
462,O=C(CSC1=NN=C(C2=CN=CC=C2)N1)NC(S3)=NC4=C3C=CC=C4,5.32,,,,
844,SC[C@@H](C)C(N1CCC[C@H]1C(O)=O)=O,5.45,,,,
155,OC([C@@H](C1=CC=C(F)C=C1)NC([C@H](C)CS)=O)=O,5.59,,,,
157,OC(C1=CC=C(C2=CC=CC=C2)C=C1CS)=O,5.59,,,,
173,S=C(S[Na])N1CCN(C(S[Na])=S)CCN(C(S[Na])=S)CC1,5.6,,,,
456,O=C(CSC1=NN=C(C2=CC=NC=C2)N1)NC(S3)=NC4=C3C=CC=C4,5.6,,,,
1011,O=C(NNC(S[K])=S)CC1=CC=CC=C1,5.64,,,,
249,OC(C1=CC(C2=CC(N)=CC=C2)=CC(C(O)=O)=N1)=O,5.8,,,,
211,O=C(CSC1=NN=C(C2=C(O)C=CC=C2)N1)NC3=NC4=CC([N+]([O-])=O)=CC=C4O3,5.9,,,,
304,SCC(CCC1=CC=CC=C1)P(O)(O)=O,5.9,,,,
720,NCCCCCCN(CC1=NC=CC=C1)CC2=NC=CC=C2,6,,,,
721,O[C@@H]1[C@@H](O[C@@H]2O[C@@H](C)[C@@H](O)[C@@](C2)(C)N)[C@H](OC3=C(OC4=C(Cl)C=C([C@H]([C@@H](NC([C@@H](CC(C)C)NC)=O)C(N[C@H]5CC(N)=O)=O)O)C=C4)C=C([C@H](C(N[C@H](C6=CC=C(O)C7=C6)C8=O)=O)NC5=O)C=C3OC9=CC=C([C@@H](O)[C@@H](C(N[C@@H](C%10=CC(O)=CC(O)=C%107)C(NCCCCCCN(CC%11=CC=CC=N%11)CC%12=CC=CC=N%12)=O)=O)N8)C=C9Cl)O[C@@H]([C@H]1O)CO,6,,,,
938,CC1=NC2=CC=C(OC)C=C2C(N/N=C/C3=CC=C(SC)C=C3)=C1,6,,,,
946,CC1=NC2=CC3=C(OCO3)C=C2C(NNC(C4=CC=C(NS(=O)(C)=O)C=C4)=O)=C1,6,,,,
860,OB(O)[C@H](NC([C@H](C)CS)=O)CC1=COC2=C1C=CC=C2,6.06,,,,
451,OC1=CC=CC=C1C(O2)=NN=C2SCC(NC(S3)=NC4=C3C=CC=C4)=O,6.1,,,,
176,O=C(O)[C@H]1N(C(C(CS)CC2=CC=C(Br)C=C2)=O)CCC1,6.2,,,,
174,O=C(O)[C@H]1N(C(C(CS)C)=O)CCC1,6.4,,,,
209,O=C(CSC1=NN=C(C2=C(O)C=CC=C2)S1)NC3=NC4=CC([N+]([O-])=O)=CC=C4O3,6.4,,,,
444,CC(CS)C(N1CCCC1C(O)=O)=O,6.4,,,,
719,OC1=C(C2=CC(CC=C)=CC=C2O)C=C(CC=C)C=C1,6.47,,,,
66,OC(C1=NC=CC=C1NC(CC2=CC=CS2)=O)=O,6.6,,,,
312,OP(C(CCCC1=CC=CC=C1)CSC(C)=O)(O)=O,6.6,,,,
127,S=C(N(C1=CC=C(C(O)=O)C=C1)C/2=O)SC2=C/C3=C([N+]([O-])=O)C=C([N+]([O-])=O)C=C3,6.7,,,,
186,O=C(O)C1N(C(C(CC2=CC=CC=C2)CS)=O)CCS1,6.7,,,,
170,OC(C1=CC=C(C2=CSC=C2)C=C1CS)=O,6.78,,,,
407,OC(C[C@@H](C(O)=O)NC[C@@H](C(O)=O)NC[C@@H](C(O)=O)N)=O,6.8,,,,
458,O=C(CSC1=NN=C(C2=CC=NC=C2)S1)NC(S3)=NC4=C3C=CC=C4,6.8,,,,
847,SCC(CC1=CC=CC=C1)C(N[C@@H](CC2=CC=CC=C2)B(O)O)=O,6.87,,,,
82,OC(C1=C(SC=N1)NS(=O)(CC2=CC(Cl)=CC(Cl)=C2)=O)=O,6.9,,,,
409,OC(C[C@@H](C(O)=O)NC[C@H](C(O)=O)NC[C@@H](C(O)=O)N)=O,6.9,,,,
152,OC([C@@H](CC1=CC=CC=C1)NC([C@H](C)CS)=O)=O,7,,,,
267,OC([C@@H](N)CN[C@H](C(O)=O)CN[C@@H](CC(O)=O)C(O)=O)=O,7,,,,
335,[H][C@]1(CS[C@@H]2CS)N2[C@H](C(O)=O)CS1,7,,,,
305,SCC(CCCC1=CC=CC=C1)P(O)(O)=O,7.1,,,,
248,OC(C1=CC(C2=CC(O)=CC=C2)=CC(C(O)=O)=N1)=O,7.2,,,,
858,OB(O)[C@H](NC([C@H](C)CS)=O)CC1=CC=C(OC)C=C1,7.22,,,,
168,OC(C1=CC=C(C2=CC=CC(OCC)=C2)C=C1CS)=O,7.59,,,,
408,OC(C[C@@H](C(O)=O)NC[C@H](C(O)=O)NC[C@H](C(O)=O)N)=O,7.8,,,,
468,SC[C@@H](C)C(N1CCC[C@H]1C(O)=O)=O,7.9,,,,
36,O=C1N(CCC)SC2=CC=CC=C21,8,,,,
80,OC(C1=C(SC=N1)NS(=O)(CC2=CC(Cl)=C(Cl)C=C2)=O)=O,8,,,,
268,OC([C@H](N)CN[C@@H](C(O)=O)CN[C@@H](CC(O)=O)C(O)=O)=O,8.1,,,,
837,O=C1C2=C(O)C(O)=C(O)C=C2OC(C3=CC=CC=C3)=C1,8.1,,,,
924,OC([C@@H](N)CN[C@H](C(O)=O)CN[C@@H](CC(O)=O)C(O)=O)=O,8.1,,,,
124,S=C(N(C1=CC=C(C(O)=O)C=C1)C/2=O)SC2=C/C3=CC=C(F)C=C3,8.4,,,,
245,OC(C1=CC(NCC2=CC=CC=C2)=CC(C(O)=O)=N1)=O,8.4,,,,
64,OC(C1=NC=CC=C1NC(C2=CC(Cl)=C(C)C=C2)=O)=O,8.5,,,,
306,SCC(CCCCC1=CC=CC=C1)P(O)(O)=O,8.5,,,,
115,S=C(N(C1=CC=C(C(O)=O)C=C1)C/2=O)SC2=C/C3=CC=CC=C3,8.7,,,,
149,OC([C@H](C1=CC=CC=C1)NC([C@H](C)CS)=O)=O,8.77,,,,
78,OC(C1=C(SC=N1)NS(=O)(CC2=CC(C#N)=CC=C2)=O)=O,8.8,,,,
164,OC(C1=CC=C(C2=C(C(F)(F)F)C=CC=C2)C=C1CS)=O,8.82,,,,
17,OC([C@@H](N)CN[C@H](C(O)=O)CN1[C@@H](C(O)=O)CCC1)=O,9,,,,
277,OC([C@@H](N)CN[C@H](C(O)=O)CN1[C@@H](C(O)=O)CCC1)=O,9,,,,
932,O=S(NC(C=C1)=CC=C1/C=N/NC2=CC=NC3=CC4=C(OCO4)C=C32)(C)=O,9,,,,
939,CC1=NC2=CC(OC)=CC=C2C(N/N=C/C3=CC=C(NS(=O)(C)=O)C=C3)=C1,9,,,,
246,OC(C1=CC(NCCC2=CC=CC=C2)=CC(C(O)=O)=N1)=O,9.1,,,,
269,OC([C@H](N)CN[C@H](C(O)=O)CN[C@@H](CC(O)=O)C(O)=O)=O,9.3,,,,
318,N[C@H](C(O)=O)CN[C@H](C(O)=O)CN[C@H](C(O)=O)CC(O)=O,9.3,,,,
448,ClC1=C(/C=C2SC(N(CC(NN3CCN(C)CC3)=O)C\2=O)=S)C(Cl)=CC=C1Cl,9.44,,,,
406,OC(CC(C(O)=O)NCC(C(O)=O)NCC(C(O)=O)N)=O,9.9,,,,
314,C(CCCC1=CC=CC=C1)(C2=NN=NN2)CSC3CCCCC3,10,,,,
925,CC1=NC2=CC3=C(OCO3)C=C2C(N/N=C/C4=CC=C(NS(=O)(C)=O)C=C4)=C1,10,,,,
930,CC1=NC2=CC3=C(OCO3)C=C2C(N/N=C/C4=CC=C(C=O)C=C4)=C1,10,,,,
947,O=C1C2=C(C([C@@H]3OC(C=C(O)C=C4O)=C4C[C@@H]3OC(C5=CC(O)=C(O)C(O)=C5)=O)=CC(O)=C2O)C=C([C@H]6[C@@H](OC(C7=CC(O)=C(O)C(O)=C7)=O)CC(C(O)=CC(O)=C8)=C8O6)C=C1O,10.1,,,,
321,N[C@@H](C(O)=O)CN[C@@H](C(O)=O)CN[C@H](C(O)=O)CC(O)=O,10.2,,,,
874,OB(O)[C@H](NC(CS)=O)CC1=COC2=C1C=CC=C2,10.2,,,,
169,OC(C1=CC=C(C2=CC=CO2)C=C1CS)=O,10.21,,,,
270,OC([C@@H](N)CN[C@@H](C(O)=O)CN[C@@H](CC(O)=O)C(O)=O)=O,10.4,,,,
274,OC([C@@H](C)CN[C@H](C(O)=O)CN[C@@H](CC(O)=O)C(O)=O)=O,10.4,,,,
500,SCC(S)CO,10.4,,,,
123,S=C(N(C1=CC=C(C(O)=O)C=C1)C/2=O)SC2=C/C3=C(Cl)C=C(Cl)C=C3,10.6,,,,
125,S=C(N(C1=CC=C(C(O)=O)C=C1)C/2=O)SC2=C/C3=CC=C(C(F)(F)F)C=C3,10.6,,,,
937,CC1=NC2=CC=C(OC)C=C2C(N/N=C/C3=CC=C(NS(=O)(C)=O)C=C3)=C1,11,,,,
1013,O=C(NNC(S[K])=S)C1=C(N)C=CC=C1,11.39,,,,
322,N[C@H](C(O)=O)CN[C@H](C(O)=O)CN[C@@H](C(O)=O)CC(O)=O,11.6,,,,
150,OC([C@H](C1=CC=C(F)C=C1)NC([C@H](C)CS)=O)=O,11.66,,,,
320,N[C@@H](C(O)=O)CN[C@H](C(O)=O)CN[C@H](C(O)=O)CC(O)=O,11.9,,,,
121,S=C(N(C1=CC=C(C(O)=O)C=C1)C/2=O)SC2=C/C3=CC=C(OC)C=C3,12,,,,
307,SCC(CCCC1=CC=CC=C1)C2=NN=NN2,12,,,,
338,[H][C@@]1(CS[C@H]2CS)N2[C@@H](C(O)=O)C(C)(C)S1,12,,,,
333,OC(CC[C@@H](C(O)=O)NC[C@@H](C(O)=O)NC[C@H](N)C(O)=O)=O,12.1,,,,
122,S=C(N(C1=CC=C(C(O)=O)C=C1)C/2=O)SC2=C/C3=CC=C(Cl)C=C3,12.2,,,,
423,O=C(NC(C(C)C)C(SCC(O)=O)=O)CC1=CC=CS1,12.4,,,,
319,N[C@H](C(O)=O)CN[C@@H](C(O)=O)CN[C@H](C(O)=O)CC(O)=O,12.5,,,,
276,OC([C@@H](N)CN[C@H](C(O)=O)CN1[C@H](C(O)=O)CCC1)=O,12.8,,,,
83,OC(C1=C(SC=N1)NS(=O)(C2=CC=CC=N2)=O)=O,12.9,,,,
487,SC[C@@H](C)C(NCCSC)=O,13,,,,
944,CC1=NC2=CC3=C(OCO3)C=C2C(NNCC4=CC=C(SC)C=C4)=C1,13,,,,
867,OB(O)[C@@H](NC([C@H](C)CS)=O)C1=CC(C=CC=C2)=C2C=C1,13.07,,,,
334,OC(C[C@@H](C(O)=O)NC[C@@H](C(O)=O)NCC(N)=O)=O,13.5,,,,
243,OC(C1=CC(N(C)C)=CC(C(O)=O)=N1)=O,13.6,,,,
112,O=C(/C(S1)=C/C2=CC=C(C(F)(F)F)C=C2)N(CC(O)=O)C1=S,14.3,,,,
117,S=C(N(C1=CC=C(C(O)=O)C=C1)C/2=O)SC2=C/C3=CC=CS3,14.3,,,,
863,OB(O)[C@@H](NC([C@H](C)CS)=O)C1=CC=C(F)C=C1,14.73,,,,
849,SC[C@@H](NCC1=CC=CC=C1)C(N[C@@H](CC2=CC=CC=C2)B(O)O)=O,14.81,,,,
499,SCC(C)CO,15,,,,
1015,O=C(NNC(S[K])=S)C1=CC(Br)=CC=C1,15.25,,,,
111,O=C(/C(S1)=C/C2=CC=C(F)C=C2)N(CC(O)=O)C1=S,15.4,,,,
24,OC1C(C)OC(OCC2C(O)C(O)C(O)C(OC3=C(C4=CC=C(O)C(O)=C4)OC(C=C(O)C=C5O)=C5C3=O)O2)C(O)C1O,15.5,,,,
866,OB(O)[C@H](NC([C@H](C)CS)=O)C1=CC=C(C)C=C1,15.92,,,,
25,O=C(SCC(O)=O)C(NC(CC1=CC=C(C2=CC=CC=C2)C=C1)=O)CC3=CNC4=C3C=CC=C4,16,,,,
836,O=C1CCC[C@@]2([H])N1C[C@@]3([H])[C@@]4([H])[C@]2([H])CCCN4CCC3,16,,,,
873,OB(O)[C@H](NC(CCS)=O)CC1=COC2=C1C=CC=C2,16.49,,,,
865,OB(O)[C@@H](NC([C@H](C)CS)=O)C1=CC=C(C)C=C1,16.7,,,,
854,OB(O)[C@H](NC([C@H](C)CS)=O)CC1=CC=CC=C1,16.86,,,,
53,OC(C1=NC=CC=C1)=O,17,,,,
178,O=C(O)[C@H]1N(C(C(CS)CC2=CC=CS2)=O)CCC1,17,,,,
332,O=C(CC[C@@H](C(OC(C)(C)C)=O)NC[C@@H](C(O)=O)NC[C@H](N)C(O)=O)OC(C)(C)C,17,,,,
18,O=C([C@@H](N)CN[C@H](C(OC)=O)CN[C@H](C(O)=O)CC(O)=O)OC,17.2,,,,
275,OC([C@H](CC(O)=O)NC[C@@H](C(OC)=O)NC[C@H](N)C(OC)=O)=O,17.2,,,,
856,OB(O)[C@H](NC([C@H](C)CS)=O)CC1=CC=C(F)C=C1,17.42,,,,
337,[H][C@]1(CS[C@@H]2CS)N2[C@@H](C(O)=O)C(C)(C)S1,18,,,,
16,O=C1C2=C(C=C(C(N[C@@H]3CCCCNC3=O)=O)C=C2)C[C@H](C4=CC=CC=C4)O1,18.2,,,,
323,OC(C[C@@H](C(O)=O)NC[C@@H](C(O)=O)NCC(O)=O)=O,18.3,,,,
68,OC(C1=NC=CC=C1NS(=O)(CC2=CC(Cl)=CC(Cl)=C2)=O)=O,18.6,,,,
58,OC(C1=NC=C2C(C=CC=C2)=C1)=O,19,,,,
75,OC(C1=NC=CC=C1NS(=O)(CC2=CC(Cl)=CC(Cl)=C2)=O)=O,19,,,,
336,[H][C@@]1(CS[C@H]2CS)N2[C@@H](C(O)=O)CS1,19,,,,
32,O=C(SCC(O)=O)C(NC(CC1=CC=CC=C1)=O)CCSC,20,,,,
473,SC[C@@H](C)C(N(OC)C)=O,20,,,,
486,SCC(C)C(NCCCC)=O,20,,,,
154,OC([C@@H](C1=CC=CC=C1)NC([C@H](C)CS)=O)=O,20.46,,,,
22,O[C@H]1[C@H](C)O[C@@H](OC[C@@H]2[C@@H](O)[C@H](O)[C@@H](O)[C@H](OC3=CC(OC(C4=CC(O)=C(OC)C=C4)=CC5=O)=C5C(O)=C3)O2)[C@H](O)[C@@H]1O,20.7,,,,
23,OC1C(O)C([NH3+])C(OC2C(O)C(OC3C(OC4C([NH3+])C(O)C(O)C(CO)C4)C([NH3+])CC([NH3+])C3O)OC2CO)OC1C[NH3+],20.7,,,,
142,O=C(C(O)=C1)C(CCCCCCCCCCC)=C(O)C1=O,21,,,,
485,SCC(C)C(NC1=NC(C)=CO1)=O,21,,,,
864,OB(O)[C@H](NC([C@H](C)CS)=O)C1=CC=C(F)C=C1,21.12,,,,
110,O=C(/C(S1)=C/C2=C(Cl)C=C(Cl)C=C2)N(CC(O)=O)C1=S,21.5,,,,
234,OC(C1=CC=CC(C(N[C@H](C(C)C)C(O)=O)=O)=N1)=O,22,,,,
271,OC([C@@H](N)CN[C@H](C(O)=O)CN[C@@H](C)C(O)=O)=O,22.1,,,,
843,SC[C@@H](C)C(NCC(O)=O)=O,22.5,,,,
855,OB(O)[C@@H](NC([C@H](C)CS)=O)CC1=CC=C(F)C=C1,22.81,,,,
871,OB(O)[C@@H](NC([C@H](C)CS)=O)CC(C)C,22.81,,,,
35,O=C1N(C)SC2=CC=CC=C21,24,,,,
151,OC([C@H](C1=CC=C(O)C=C1)NC([C@H](C)CS)=O)=O,24,,,,
232,OC(C1=CC=CC(C(NCC2=NC=CS2)=O)=N1)=O,24,,,,
145,OC([C@H](CC1=CNC2=C1C=CC=C2)NC([C@H](C)CS)=O)=O,24.8,,,,
298,SC[C@@H](C)C(N[C@@H](C(O)=O)CC1=CNC2=C1C=CC=C2)=O,24.81,,,,
108,O=C(/C(S1)=C/C2=CC=C(OC)C=C2)N(CC(O)=O)C1=S,25.1,,,,
177,OC1=C(OC)C=C(CC(CS)C(N2CCC[C@H]2C(O)=O)=O)C=C1,25.2,,,,
870,OB(O)[C@H](NC([C@H](C)CS)=O)C(C)C,25.58,,,,
861,OB(O)[C@@H](NC([C@H](C)CS)=O)C1=CC=CC=C1,26.43,,,,
857,OB(O)[C@@H](NC([C@H](C)CS)=O)CC1=CC=C(OC)C=C1,27.22,,,,
113,O=C(/C(S1)=C/C2=C([N+]([O-])=O)C=CC=C2)N(CC(O)=O)C1=S,27.4,,,,
26,O=C(SCC(O)=O)C(NC(CC1=CC=CC=C1)=O)CC2=CNC3=C2C=CC=C3,28,,,,
424,O=C(NC(CC(C)C)C(SCC(O)=O)=O)CC1=CC=CS1,28.5,,,,
30,O=C(SCC(O)=O)C(NC(CCCC)=O)CC1=CC=CC=C1,28.6,,,,
421,O=C(NCC(SCC(O)=O)=O)CC1=CC=CS1,28.7,,,,
780,O=C(C1CCN(S(=O)(C2=CC=CC3=NON=C23)=O)CC1)NC4=CC=CC5=CC=CC=C54,29.6,,,,
781,CC1=NC(NC2=CC=C(C)C=C2)=CC(N3CCN(S(C4=CC=C(OCC)C=C4)(=O)=O)CC3)=N1,31.4,,,,
833,O=P([O-])(O)CC(C1=C(Br)C([H])=C(Br)C=C1N2)=CC2=O,31.4,,,,
953,OB(O)C1=CC2=CC=CC(C(O)=O)=C2S1,32.42,,,,
72,OC(C1=NC=CC=C1NS(=O)(CC2=C(Cl)C=CC=C2)=O)=O,33,,,,
823,O=P([O-])(O)CC(C1=C(C)C([H])=C(C)C=C1O2)=CC2=O,33.8,,,,
826,O=P([O-])(O)CC(C1=C(Br)C([H])=C(C)C=C1O2)=CC2=O,34.2,,,,
952,OB(O)C1=CC2=CC=CC(C(OC(C)(C)C)=O)=C2S1,35.7,,,,
427,O=C(NC(CC1=CC=CC=C1)C(SCC(O)=O)=O)CC2=CC=CS2,36.3,,,,
329,OC(C[C@@H](C(O)=O)NC[C@@H](C(O)=O)NC[C@H](NS(C1=CC=CC=C1[N+]([O-])=O)(=O)=O)C(O)=O)=O,36.4,,,,
869,OB(O)[C@@H](NC([C@H](C)CS)=O)C(C)C,36.8,,,,
872,OB(O)[C@H](NC([C@H](C)CS)=O)CC(C)C,37.59,,,,
782,O=C(NC1=C(C)C=C(C)C=C1C)CSC2=NC3=C(S(N(C)C4=C3C=CC(Cl)=C4)(=O)=O)C=N2,37.6,,,,
859,OB(O)[C@@H](NC([C@H](C)CS)=O)CC1=COC2=C1C=CC=C2,37.95,,,,
33,O=C(SCC(O)=O)C(NC(C1=CC=CC=C1)=O)CCSC,38,,,,
54,OC(C1=NC2=C(C=CC=C2)C=C1)=O,41,,,,
165,OC(C1=CC=C(C2=CC(C(F)(F)F)=CC(C(F)(F)F)=C2)C=C1CS)=O,43.95,,,,
28,O=C(SCC(O)=O)C(NC(CC1=CC=C(C2=CC=CC=C2)C=C1)=O)CC3=CC=CC=C3,44,,,,
818,O=P([O-])(O)CC(C1=C([H])C(C)=C(C)C=C1O2)=CC2=O,44.3,,,,
457,O=C(CSC1=NN=C(C2=CC=NC=C2)O1)NC(S3)=NC4=C3C=CC=C4,45,,,,
936,CSC(C=C1)=CC=C1/C=N/NC2=C3C(CCCC3)=NC4=CC=CC=C42,45,,,,
862,OB(O)[C@H](NC([C@H](C)CS)=O)C1=CC=CC=C1,46.42,,,,
103,O=C(/C(S1)=C/C2=CC=CO2)N(CC(O)=O)C1=S,47,,,,
189,O=C(C(C(CC1=CC=CC=C1)CS)=O)NC2=CC=CC=C2,47.7,,,,
474,SC[C@H](C)C(N(OC)C)=O,48,,,,
233,OC(C1=CC=CC(C(NCC(O)=O)=O)=N1)=O,49,,,,
67,OC(C1=NC=CC=C1NS(C2=CC=CC=C2)(=O)=O)=O,50,,,,
69,OC(C1=NC=CC=C1NS(=O)(C2=CC=CC=C2)=O)=O,50,,,,
786,O=C(O)C1=CC2=CC=CC=C2OC1,50,,,,
484,SCC(C)C(NC1=NC=C(Br)S1)=O,52,,,,
972,O=C(CS(=O)(C1=CC=CC=C1)=O)NC2CCCCC2,52,,,,
471,SC[C@H](C)C(O)=O,53,,,,
27,O=C(SCC(O)=O)C(NC(CCCC)=O)CC1=CNC2=C1C=CC=C2,55,,,,
475,SC[C@@H](C)C(NOC)=O,55,,,,
300,SCC(CCCCC1=CC=CC=C1)C(O)=O,56,,,,
469,SCC(C)C(O)=O,56,,,,
830,O=P([O-])(O)CC(C1=C(C)C([H])=C(C)C=C1N2)=CC2=O,56.2,,,,
848,SC[C@@H](N1C(C2=CC=CC=C2C1=O)=O)C(N[C@@H](CC3=CC=CC=C3)B(O)O)=O,57.71,,,,
817,OC(C=C1)=CC=C1/C=C/C2=CC(OC)=CC(OC)=C2,60.0,,,,
951,NCC1=CC=C(SC(B(O)O)=C2)C2=C1,60.7,,,,
144,OC([C@@H]1N(CCC1)C([C@H](C)CS)=O)=O,62,,,,
1018,O=C(NNC(S[K])=S)CCC1=CC=CC=C1,62.66,,,,
146,OC([C@@H](CC1=CNC2=C1C=CC=C2)NC([C@H](C)CS)=O)=O,64,,,,
950,BrCC1=CC=C(SC(B(O)O)=C2)C2=C1,64.6,,,,
299,SC[C@@H](C)C(N[C@H](C(O)=O)CC1=CNC2=C1C=CC=C2)=O,64.8,,,,
973,NC1=NC=NC2=C1N=C(S(=O)(O)=O)N2CC3=CC=CC=C3,65,,,,
974,ClC1=CC=CC(CNN2C(N)=NN=N2)=C1Cl,67,,,,
1012,OC1=CC=C(C(NNC(S[K])=S)=O)C=C1,67.12,,,,
840,SC[C@@H](C)C(NCB(O)O)=O,67.13,,,,
704,SCC(N)C(NC(CC(O)=O)C(O)=O)=O,68,,,,
975,O=C(O)C(CC(O)=O)SC1=CNC2=C1C=CC=C2,68,,,,
949,CC1=CC=C(SC(B(O)O)=C2)C2=C1,68.4,,,,
976,O=S(C1=CC=CC=C1)(CC2=NN=NN2C3=CC=C(C)C=C3)=O,71,,,,
153,OC([C@@H](CC1=CC=C(O)C=C1)NC([C@H](C)CS)=O)=O,73,,,,
977,BrC1=CC=CC=C1/C=C2C(N(CC(O)=O)C(S/2)=O)=O,76,,,,
835,OC1=C2C(OC(C3=CC(O)=C(O)C=C3)C(O[C@@H]4O[C@H](CO)[C@H](O)[C@H](O)[C@H]4O)C2=O)=CC(O)=C1,80,,,,
74,OC(C1=NC=CC=C1NS(=O)(CC2=C(Cl)C=C(Cl)C=C2)=O)=O,80.6,,,,
470,SC[C@@H](C)C(O)=O,81,,,,
829,O=P([O-])(O)CC(C1=C([H])C([H])=C([H])C=C1N2C)=CC2=O,81,,,,
447,CC(S)C(NCC(O)=O)=O,84,,,,
39,O=C1N(CCO)SC2=CC=CC=C21,85,,,,
978,NC1=CC=C(C2=NN=C(SCC(O)=O)N2C)C=C1,85,,,,
1014,O=C(NNC(S[K])=S)C1=CC=C(Cl)C=C1,91.31,,,,
476,SC[C@H](C)C(NOC)=O,92,,,,
19,OC([C@@H](N)CN[C@H](C(O)=O)CN[C@H](C)CC(O)=O)=O,94,,,,
272,OC([C@@H](N)CN[C@H](C(O)=O)CN[C@@H](CC(O)=O)C)=O,94,,,,
422,O=C(NC(C(SCC(O)=O)=O)C)CC1=CC=CS1,95.7,,,,
34,O=C1NSC2=CC=CC=C21,99,,,,
868,OB(O)[C@H](NC([C@H](C)CS)=O)C1=CC(C=CC=C2)=C2C=C1,100.54,,,,
701,SCC(N)C(NC(CC1=CC=CC=C1)C(O)=O)=O,113,,,,
71,OC(C1=NC=CC=C1NS(=O)(CC2=CC(C#N)=CC=C2)=O)=O,116,,,,
954,OB(O)C1=CC2=CC=CC(NC(OC(C)(C)C)=O)=C2S1,117.2,,,,
488,SC[C@@H](C)C(NCCS(C)(=O)=O)=O,120,,,,
819,O=P([O-])(O)CC(C1=C([H])C([H])=C(OC)C=C1O2)=CC2=O,123.7,,,,
478,SCC(C)C(NC1=CC=CC=C1)=O,135,,,,
888,SC1=C(C(O)=O)C=CC=C1,139,,,,
1069,SC1=C(C(O)=O)C=CC=C1,139,,,,
706,SCC(N)C(NCC(NC(C(O)=O)CC1=CC=CC=C1)=O)=O,144,,,,
785,CC(C(C(O)=O)O1)OC2=C1C=CC=C2,153,,,,
138,OC1=C(O)C=C(C[C@H](C(O)=O)OC(/C=C/C2=CC=C(O)C(O)=C2/C=C/C3=CC(O)=C(O)C=C3)=O)C=C1,160,,,,
62,OC(C1=NC(C2=COC=C2)=CC=C1)=O,163,,,,
851,SCC(N[C@@H](CC1=CC=CC=C1)B(O)O)=O,165,,,,
700,SCC(N)C(NC(CC1=CNC=N1)C(O)=O)=O,182,,,,
828,O=P([O-])(O)CC(C1=C([H])C([H])=C([H])C=C1N2)=CC2=O,190.2,,,,
850,SCCC(N[C@@H](CC1=CC=CC=C1)B(O)O)=O,190.5,,,,
143,OC([C@H](C)N(CCC)C([C@H](C)CS)=O)=O,196,,,,
20,OCC1OC(OC(C2(C)CCCC3(C)C2CCC4(C5)C3CC(OC6C(OC7C(O)C(O)C(O)C(CO)O7)C(O)C(O)C(CO)O6)C(C5=C)C4)=O)C(O)(C)C(O)C1O,214,,,,
827,O=P([O-])(O)CC(C1=C(F)C([H])=C(C)C=C1O2)=CC2=O,230.2,,,,
132,OC(/C=C/C(O)=O)=O,232,,,,
147,OC([C@H](CC1=CC=CC=C1)NC([C@H](C)CS)=O)=O,233,,,,
703,SCC(N)C(NC(C(C)C)C(O)=O)=O,235,,,,
708,SCC(N)C(NCC(NC(C(O)=O)C(C)C)=O)=O,249,,,,
705,SCC(N)C(NCC(NC(C(O)=O)CC1=CNC=N1)=O)=O,263,,,,
784,OC1=C(C(CCCC)=O)C=CC(O)=C1,300,,,,
148,OC([C@H](CC1=CC=C(O)C=C1)NC([C@H](C)CS)=O)=O,326,,,,
131,OC(C(C(O)C(O)=O)O)=O,409,,,,
919,O=C(C(C#N)=CO1)C2=C1C=CC=C2,480,,,,
831,O=P([O-])(O)CC1=CC=CC2=CC([H])=C([H])N=C21,741.3,,,,
921,ClC1=CC2=C(C(SCC(O)=O)=CC=N2)C=C1,1238,,,,
920,O=C(O)CCCC1=CNC2=CC=CC=C21,1946,,,,
922,CCCC1=CC=C(C(CCC(O)=O)=O)C=C1,3109,,,,
797,OC(C1=CC=CC(CS(O)(=O)=O)=N1)=O,>10,,,,
798,OC(C1=CC=CC(CS(C)(=O)=O)=N1)=O,>10,,,,
799,OC(C1=CC=CC(NS(C)(=O)=O)=N1)=O,>10,,,,
800,OC(C1=CC=CC(CN(S(C)(=O)=O)C)=N1)=O,>10,,,,
801,OC(C1=CC=CC(C2=NC=CS2)=N1)=O,>10,,,,
802,OC(C1=CC=CC(C2=NC=CO2)=N1)=O,>10,,,,
70,OC(C1=NC=CC=C1NS(=O)(CC2=CC=CC=C2)=O)=O,>100,,,,
96,OC(C1=NC=CC=C1)=O,>100,,,,
97,CC1=CC=CC(C(O)=O)=N1,>100,,,,
171,OC(C1=CC=C(Br)C=C1CS)=O,>100,,,,
29,O=C(SCC(O)=O)C(NC(CC1=CC=CC=C1)=O)CC2=CC=CC=C2,>200,,,,
31,O=C(SCC(O)=O)C(NC(C1=CC=C(C2=CC=CC=C2)C=C1)=O)CCSC,>200,,,,
55,CN1C=NC(C(O)=O)=C1,>200,,,,
56,OC(C1=NC=CN=C1)=O,>200,,,,
57,OC(C1=NN=CC=C1)=O,>200,,,,
59,OC(C1=NC=CC=C1C2=CC=NC=C2)=O,>200,,,,
60,OC(C1=NC=CC=C1C2=COC=C2)=O,>200,,,,
61,OC(C1=NC=CC=C1C2=CC=C(F)C(F)=C2)=O,>200,,,,
63,OC(C1=NC(C2=CC(F)=C(F)C=C2)=CC=C1)=O,>200,,,,
65,OC(C1=NC=CC=C1NC(C2=COC=N2)=O)=O,>200,,,,
73,OC(C1=NC=CC=C1NS(=O)(CC2=CC(Cl)=C(Cl)C=C2)=O)=O,>200,,,,
477,SCC(C)C(NOCC1=CC=C(OC)C=C1)=O,>200,,,,
479,SCC(C)C(NC1=CC(F)=CC=C1)=O,>200,,,,
480,SCC(C)C(NC1=CC=C(F)C=C1)=O,>200,,,,
482,SCC(C)C(NC1=NC=CN1)=O,>200,,,,
483,SCC(C)C(NC1=NC=CS1)=O,>200,,,,
492,SC[C@@H](C)C(NCC1=CC=C(O)C=C1)=O,>200,,,,
493,SC[C@@H](C)C(NCC1=C(C)C=CC=C1)=O,>200,,,,
494,SCC(C)C(NCC1=CC=C(F)C=C1)=O,>200,,,,
495,SCC(C)C(NCC1=CC=CO1)=O,>200,,,,
496,SCC(C)C(NCCC1=CC=CC=C1)=O,>200,,,,
497,SCC(C)C(NCCC1=CC=CS1)=O,>200,,,,
411,O=C1C(CC(O)=O)NCC(C(O)=O)N1CC(N)C(O)=O,>256,,,,
702,SCC(N)C(NC(CC1=CC=C(O)C=C1)C(O)=O)=O,>300,,,,
707,SCC(N)C(NCC(NC(C(O)=O)CC1=CC=C(O)C=C1)=O)=O,>300,,,,
709,SCC(N)C(NCC(NC(C(O)=O)CC(O)=O)=O)=O,>300,,,,
841,CCCC(NCB(O)O)=O,>300,,,,
842,CCC(NCB(O)O)=O,>300,,,,
845,C[C@]1(CN2N=NC=C2)[C@H](C(O)=O)N3C(C[C@@]3([H])S1(=O)=O)=O,>300,,,,
852,CCCC(N[C@@H](CC1=CC=CC=C1)B(O)O)=O,>300,,,,
853,CCC(N[C@@H](CC1=CC=CC=C1)B(O)O)=O,>300,,,,
102,O=C(/C(S1)=C/C2=CC=CC=C2)N(CC(O)=O)C1=S,>50,,,,
104,O=C(/C(S1)=C/C2=CC=CS2)N(CC(O)=O)C1=S,>50,,,,
105,O=C(/C(S1)=C/C2=NC=CC=C2)N(CC(O)=O)C1=S,>50,,,,
106,O=C(/C(S1)=C/C2=CC3=CC=CC=C3C=C2)N(CC(O)=O)C1=S,>50,,,,
107,O=C(/C(S1)=C/C2=CC=CC3=CC=CC=C23)N(CC(O)=O)C1=S,>50,,,,
109,O=C(/C(S1)=C/C2=CC=C(Cl)C=C2)N(CC(O)=O)C1=S,>50,,,,
114,O=C(/C(S1)=C/C2=C([N+]([O-])=O)C=C([N+]([O-])=O)C=C2)N(CC(O)=O)C1=S,>50,,,,
119,S=C(N(C1=CC=C(C(O)=O)C=C1)C/2=O)SC2=C/C3=CC4=CC=CC=C4C=C3,>50,,,,
120,S=C(N(C1=CC=C(C(O)=O)C=C1)C/2=O)SC2=C/C3=CC=CC4=CC=CC=C34,>50,,,,
128,COC1=CC=C(/C=C(S)/C(O)=O)C=C1,>50,,,,
223,OC(C1=CC=CC(C(NC2=CC=CC=C2)=O)=N1)=O,>50,,,,
224,OC(C1=CC=CC(C(NCC2=CC=CC=C2)=O)=N1)=O,>50,,,,
225,OC(C1=CC=CC(C(NCCC2=CC=CC=C2)=O)=N1)=O,>50,,,,
226,OC(C1=CC=CC(C(NC2=CC=C(OC)C=C2)=O)=N1)=O,>50,,,,
227,OC(C1=CC=CC(C(NCC2=CC=C(OC)C=C2)=O)=N1)=O,>50,,,,
228,OC(C1=CC=CC(C(NCC2=CC(OCO3)=C3C=C2)=O)=N1)=O,>50,,,,
229,OC(C1=CC=CC(C(NCC2=CC=CO2)=O)=N1)=O,>50,,,,
230,OC(C1=CC=CC(C(NCC2=CC=CS2)=O)=N1)=O,>50,,,,
231,OC(C1=CC=CC(C(NCCC2=CC=CS2)=O)=N1)=O,>50,,,,
235,OC(C1=CC=CC(C(NC(C)C)=O)=N1)=O,>50,,,,
236,OC(C1=CC=CC(C(NCC(C)C)=O)=N1)=O,>50,,,,
237,OC(C1=CC=CC(C(NC2CCCC2)=O)=N1)=O,>50,,,,
238,OC(C1=CC=CC(C(NC2CCCCC2)=O)=N1)=O,>50,,,,
239,OC(C1=CC=CC(C(NCC2CCCO2)=O)=N1)=O,>50,,,,
240,OC(C1=CC=CC(C(N2CCCCC2)=O)=N1)=O,>50,,,,
190,O=C(CSC1=NN=C(C2=C(O)C=CC=C2)S1)NC3=NC4=CC=CC=C4N3,>500,,,,
191,O=C(CSC1=NN=C(C2=C(O)C=CC=C2)O1)NC3=NC4=CC=CC=C4N3,>500,,,,
192,O=C(CSC1=NN=C(CC2=CC=CC=C2)S1)NC3=NC4=CC=CC=C4N3,>500,,,,
193,O=C(CSC1=NN=C(CC2=CC=CC=C2)O1)NC3=NC4=CC=CC=C4N3,>500,,,,
194,O=C(CSC1=NN=C(CC2=CC=CC=C2)N1N)NC3=NC4=CC=CC=C4N3,>500,,,,
195,O=C(CSC1=NN=C(C2=CC=CC([N+]([O-])=O)=C2)S1)NC3=NC4=CC=CC=C4N3,>500,,,,
196,O=C(CSC1=NN=C(C2=C(N)C=CC=C2)S1)NC3=NC4=CC=CC=C4N3,>500,,,,
197,O=C(CSC1=NN=C(C2=C(N)C=CC=C2)O1)NC3=NC4=CC=CC=C4N3,>500,,,,
198,O=C(CSC1=NN=C(C2=C(N)C=CC=C2)N1)NC3=NC4=CC=CC=C4N3,>500,,,,
199,O=C(CSC1=NN=C(C2=C(N)C=CC=C2)N1N)NC3=NC4=CC=CC=C4N3,>500,,,,
200,O=C(CSC1=NN=C(CC2=CC=CS2)N1N)NC3=NC4=CC=CC=C4N3,>500,,,,
201,O=C(CSC1=NN=C(CCC2=NN=C(SCC(NC3=NC4=C(C=CC=C4)N3)=O)S2)S1)NC5=NC6=CC=CC=C6N5,>500,,,,
202,O=C(CSC1=NN=C(C2=CC=CC=C2O)S1)NC3=NC4=CC=CC=C4O3,>500,,,,
203,O=C(CSC1=NN=C(CC2=CC=CC=C2)S1)NC3=NC4=CC=CC=C4O3,>500,,,,
204,O=C(CSC1=NN=C(CC2=CC=CC=C2)O1)NC3=NC4=CC=CC=C4O3,>500,,,,
205,O=C(CSC1=NN=C(CC2=CC=CC=C2)N1N)NC3=NC4=CC=CC=C4O3,>500,,,,
206,O=C(CSC1=NN=C(C2=CC=CC([N+]([O-])=O)=C2)S1)NC3=NC4=CC=CC=C4O3,>500,,,,
207,O=C(CSC1=NN=C(C2=CC=CC([N+]([O-])=O)=C2)N1)NC3=NC4=CC=CC=C4O3,>500,,,,
208,O=C(CSC1=NN=C(CC2=CC=CS2)N1N)NC3=NC4=CC=CC=C4O3,>500,,,,
887,OC(CS)=O,>500,,,,
889,NC1=CC(S)=C(C(O)=O)C=C1,>500,,,,
1068,SCC(O)=O,>500,,,,
1070,NC1=CC(S)=C(C(O)=O)C=C1,>500,,,,
135,OC1=C(O)C=C(C[C@H](C(O)=O)OC(/C=C/C2=CC=C(O)C(O)=C2)=O)C=C1,>600,,,,
136,OC1=C(O)C=C(C[C@H](C(O)=O)O)C=C1,>600,,,,
137,OC(/C=C/C1=CC=C(O)C(O)=C1)=O,>600,,,,
4,OC1=C(C2=NN=C(SCC(NC3=CC(Cl)=C(Cl)C=C3)=O)N2)C=CC=C1,>1000,,,,
5,OC1=C(C2=NN=C(SCC(NC3=CC=C(Cl)C=C3Cl)=O)N2)C=CC=C1,>1000,,,,
6,OC1=C(C2=NN=C(SCC(NC3=C([N+]([O-])=O)C=C(Cl)C=C3)=O)N2)C=CC=C1,>1000,,,,
7,OC1=C(C2=NN=C(SCC(NC3=C([N+]([O-])=O)C=CC(Cl)=C3)=O)N2)C=CC=C1,>1000,,,,
8,OC1=C(C2=NN=C(SCC(NC3=CC=C([N+]([O-])=O)C=C3Cl)=O)N2)C=CC=C1,>1000,,,,
9,OC1=C(C2=NN=C(SCC(NC3=CC=CC=C3F)=O)N2)C=CC=C1,>1000,,,,
10,OC1=C(C2=NN=C(SCC(NC3=CC(F)=CC=C3)=O)N2)C=CC=C1,>1000,,,,
11,OC1=C(C2=NN=C(SCC(NC3=CC=C(F)C=C3)=O)N2)C=CC=C1,>1000,,,,
12,OC1=C(C2=NN=C(SCC(NC3=C(F)C=CC=C3F)=O)N2)C=CC=C1,>1000,,,,
13,OC1=C(C2=NN=C(SCC(NC3=CC=C(OC(F)(F)F)C=C3)=O)N2)C=CC=C1,>1000,,,,
101,OP(CC1=CC=CC=N1)(O)=O,>1000,,,,
425,O=C(NC(CCSC)C(SCC(O)=O)=O)CC1=CC=CS1,>1000,,,,
426,O=C(NC(CO)C(SCC(O)=O)=O)CC1=CC=CS1,>1000,,,,
428,O=C(NC(CC1=CNC2=CC=CC=C21)C(SCC(O)=O)=O)CC3=CC=CS3,>1000,,,,
429,O=C(CC1=CC=CS1)NCCCCC(C(SCC(O)=O)=O)NC(CC2=CC=CS2)=O,>1000,,,,
430,O=C(N1CCCC1C(SCC(O)=O)=O)CC2=CC=CS2,>1000,,,,
472,SCC(C)C(OC)=O,>1000,,,,
481,SCC(C)C(NC1=C(NC)C=CC=C1)=O,>1000,,,,
498,SCC(C)C(N1CCOCC1)=O,>1000,,,,
923,OC([C@H](N)CN[C@@H](C(O)=O)CN[C@@H](CC(O)=O)C(O)=O)=O,>1000,,,,
926,CC1=NC2=CC3=C(OCO3)C=C2C(N/N=C/C4=CC=C(SC)C=C4)=C1,>1000,,,,
927,CC1=NC2=CC3=C(OCO3)C=C2C(N/N=C/C4=CC=C(S(=O)(C)=O)C=C4)=C1,>1000,,,,
928,CC1=NC2=CC3=C(OCO3)C=C2C(N/N=C/C4=CC=C(S(O)=O)C=C4)=C1,>1000,,,,
931,CC1=NC2=CC3=C(OCO3)C=C2C(N/N=C/C4=CC=C(S(=O)(N)=O)C=C4)=C1,>1000,,,,
933,CC1=NC2=CC3=C(OCO3)C=C2C(N/N=C/C4=CC=C(SC)C=C4)=C1,>1000,,,,
934,O=S(NC(C=C1)=CC=C1/C=N/NC2=C3C(CCCC3)=NC4=CC=CC=C42)(C)=O,>1000,,,,
935,CC1=NC2=CC3=C(OCO3)C=C2C(N/N=C/C4=CC=C(C(OC)OC)C=C4)=C1,>1000,,,,
940,O=S(NC(C=C1)=CC=C1/C=N/NC2=CC=NC3=CC(OC)=CC=C32)(C)=O,>1000,,,,
945,CC1=NC2=CC3=C(OCO3)C=C2C(NNCC4=CC=C(S(=O)(N)=O)C=C4)=C1,>1000,,,,
86,O=C(N[C@@H](CC1=CC2=CC=CC=C2N1)C(SCC(O)=O)=O)C3=CC=C([N+]([O-])=O)C=C3,NA,,,,
87,O=C(N[C@@H](CC1=CC2=CC=CC=C2N1)C(SCC(O)=O)=O)C3=CC([N+]([O-])=O)=CC=C3,NA,,,,
88,O=C(N[C@@H](CC1=CC2=CC=CC=C2N1)C(SCC(O)=O)=O)C3=CC=C(F)C=C3,NA,,,,
89,O=C(N[C@@H](CC1=CC2=CC=CC=C2N1)C(SCC(O)=O)=O)C3=CC=C(Cl)C=C3,NA,,,,
90,O=C(N[C@@H](CC1=CC2=CC=CC=C2N1)C(SCC(O)=O)=O)C3=CC=C(Br)C=C3,NA,,,,
91,O=C(N[C@@H](CC1=CC2=CC=CC=C2N1)C(SCC(O)=O)=O)C3=CC(Br)=CC=C3,NA,,,,
92,O=C(N[C@@H](CC1=CC2=CC=CC=C2N1)C(SCC(O)=O)=O)C3=CC=C(C(F)(F)F)C=C3,NA,,,,
93,O=C(N[C@@H](CCSC)C(SCC(O)=O)=O)C1=CC=C([N+]([O-])=O)C=C1,NA,,,,
94,O=C(N[C@@H](CCSC)C(SCC(O)=O)=O)C1=CC=C(Cl)C=C1,NA,,,,
95,O=C(N[C@@H](CCSC)C(SCC(O)=O)=O)C1=CC(Br)=CC=C1,NA,,,,
139,OC(C1=C2C(CN(CC3=C(F)C=CC=C3Cl)C2=O)=CC=C1)=O,NA,,,,
140,O=C(C1=C(O)C2=C(C=CC=C2)C(Cl)=N1)N[C@@H](C(O)=O)CC3=CNC4=C3C=CC=C4,NA,,,,
141,OC1=C(O)C=C(C[C@H](C(O)=O)OC(/C=C/C2=CC=C(O)C(O)=C2)=O)C=C1,NA,,,,
273,OC([C@@H](N)CN[C@H](C(O)=O)CN[C@@H](CC(OC)=O)C(OC)=O)=O,NA,,,,
278,[O-]C(CSCC(NC1=CC=CC=C1)=O)=O,NA,,,,
279,[O-]C(CSCC(NC1=CC=CC=C1O)=O)=O,NA,,,,
280,[O-]C(CSCC(NC1=CC=CC=C1C)=O)=O,NA,,,,
281,[O-]C(CSCC(NC1=CC=CC=C1CC)=O)=O,NA,,,,
282,[O-]C(CSCC(NC1=CC=C(C)C=C1)=O)=O,NA,,,,
283,[O-]C(CSCC(NC1=CC=C(CCCC)C=C1)=O)=O,NA,,,,
284,[O-]C(CSCC(NC1=CC=CC=C1[N+]([O-])=O)=O)=O,NA,,,,
285,[O-]C(CSCC(NC1=CC=C([N+]([O-])=O)C=C1)=O)=O,NA,,,,
286,[O-]C(CSCC(NC1=CC=C(C(O)=O)C=C1)=O)=O,NA,,,,
287,[O-]C(CSCC(NC1=CC=CC=C1Cl)=O)=O,NA,,,,
288,[O-]C(CSCC(NC1=CC=CC(Cl)=C1)=O)=O,NA,,,,
289,[O-]C(CSCC(NC1=CC=C(Cl)C=C1)=O)=O,NA,,,,
290,[O-]C(CSCC(NCC1=CC=CC=C1)=O)=O,NA,,,,
291,[O-]C(CSCC(NCCCC)=O)=O,NA,,,,
292,[O-]C(CSCC(NCC(C)C)=O)=O,NA,,,,
293,[O-]C(CSCC(NC(C)(C)C)=O)=O,NA,,,,
294,O=C(O)[C@@H]1CCCN1C([C@H](C)CS)=O,NA,,,,
295,[O-][N+]1=C(S[Na])C=CC=C1,NA,,,,
296,S=C1C=CC=C(C(O)=O)N1O,NA,,,,
297,S=C1C=CC=C(C(N[C@H](C2=CC=CC=C2)C(O)=O)=O)N1O,NA,,,,
303,SCC(CCCCC1=CC=CC=C1)P(OCC)(OCC)=O,NA,,,,
308,O=P(OCC)(OCC)C(CCC1=CC=CC=C1)CSC(C)=O,NA,,,,
309,O=P(OCC)(OCC)C(CCCC1=CC=CC=C1)CSC(C)=O,NA,,,,
310,O=P(OCC)(OCC)C(CCCCC1=CC=CC=C1)CSC(C)=O,NA,,,,
315,O=C(O)C1=CC=CC2=C1O[B-](O)(O)[C@@H](NC(C3CCCCC3)=O)C2,NA,,,,
316,O=C(O)C1=CC=CC2=C1O[B-](O)(O)[C@@H](NC(C3=CC=C(CN)C=C3)=O)C2,NA,,,,
317,O=C(CSC1=NN=C(C2=C(C(O)=O)C=CC=C2)N1)NC3=NC4=C(C=CC=C4)S3,NA,,,,
324,N[C@H](C(O)=O)CN[C@H](C(O)=O)CC(O)=O,NA,,,,
325,O=C(OC(C)(C)C)[C@H](CN[C@H](C(OC(C)(C)C)=O)CC(OC(C)(C)C)=O)NS(C1=CC=CC=C1[N+]([O-])=O)(=O)=O,NA,,,,
326,O=C(OC(C)(C)C)[C@H](CN[C@H](C(OC(C)(C)C)=O)CC(OC(C)(C)C)=O)N,NA,,,,
327,O=C(OC(C)(C)C)[C@H](CN[C@H](C(OC(C)(C)C)=O)CC(OC(C)(C)C)=O)NC[C@H](NS(C1=CC=CC=C1[N+]([O-])=O)(=O)=O)C(OC)=O,NA,,,,
328,O=C(OC(C)(C)C)[C@H](CN[C@H](C(OC(C)(C)C)=O)CC(OC(C)(C)C)=O)NC[C@H](N)C(OC)=O,NA,,,,
330,OC(CC[C@@H](C(O)=O)NC[C@@H](C(O)=O)N)=O,NA,,,,
331,O=C(CC[C@@H](C(OC(C)(C)C)=O)NC[C@@H](C(O)=O)NC[C@H](NS(=O)(C1=C([N+]([O-])=O)C=CC=C1)=O)C(O)=O)OC(C)(C)C,NA,,,,
339,O=C(NC(C(SCC(O)=O)=O)CC1=CNC2=C1C=CC=C2)CC3=CC=C(C4=CC=CC=C4)C=C3,NA,,,,
340,O=C(NC(C(SCC(O)=O)=O)CC1=CNC2=C1C=CC=C2)CC3=CC=CC=C3,NA,,,,
341,O=C(NC(C(SCC(O)=O)=O)CC1=CNC2=C1C=CC=C2)CCCCC,NA,,,,
342,O=C(NC(C(SCC(O)=O)=O)CC1=CC=CC=C1)CC2=CC=C(C3=CC=CC=C3)C=C2,NA,,,,
343,O=C(NC(C(SCC(O)=O)=O)CC1=CC=CC=C1)CC2=CC=CC=C2,NA,,,,
344,O=C(NC(C(SCC(O)=O)=O)CC1=CC=CC=C1)CCCCC,NA,,,,
345,O=C(NC(C(SCC(O)=O)=O)CCSC)CC1=CC=C(C2=CC=CC=C2)C=C1,NA,,,,
346,O=C(NC(C(SCC(O)=O)=O)CCSC)CC1=CC=CC=C1,NA,,,,
347,O=C(NC(C(SCC(O)=O)=O)CCSC)C1=CC=CC=C1,NA,,,,
348,O=C(NC1=CC=C(C(SCC(O)=O)=O)C=C1)OCC2=CC=CC=C2,NA,,,,
374,CC(SCC(O)=O)=O,NA,,,,
375,OC([C@@H](NC(CS)=O)CC1=CC=C(OCC2=CC=CC=C2)C=C1)=O,NA,,,,
376,OC([C@@H](NC(CCS)=O)CC1=CC=C(OCC2=CC=CC=C2)C=C1)=O,NA,,,,
377,OC([C@@H](NC(CCCS)=O)CC1=CC=C(OCC2=CC=CC=C2)C=C1)=O,NA,,,,
378,OC([C@@H](NC(CS)=O)CC1=CNC2=C1C=CC=C2)=O,NA,,,,
379,OC([C@@H](NC(CCS)=O)CC1=CNC2=C1C=CC=C2)=O,NA,,,,
380,OC([C@@H](NC(CCCS)=O)CC1=CNC2=C1C=CC=C2)=O,NA,,,,
381,OC([C@@H](NC(CS)=O)CC1=CC=CC=C1)=O,NA,,,,
382,OC([C@@H](NC(CCS)=O)CC1=CC=CC=C1)=O,NA,,,,
383,OC([C@@H](NC(CCCS)=O)CC1=CC=CC=C1)=O,NA,,,,
384,OC1=CC=C(C[C@H](NC(CS)=O)C(O)=O)C=C1,NA,,,,
385,OC1=CC=C(C[C@H](NC(CCS)=O)C(O)=O)C=C1,NA,,,,
386,OC1=CC=C(C[C@H](NC(CCCS)=O)C(O)=O)C=C1,NA,,,,
387,OC([C@H]1N(C(CS)=O)CCC1)=O,NA,,,,
388,OC([C@H]1N(C(CCS)=O)CCC1)=O,NA,,,,
389,OC([C@H]1N(C(CCCS)=O)CCC1)=O,NA,,,,
390,OC([C@@H]1N(C(CS)=O)CCC1)=O,NA,,,,
391,OC([C@@H]1N(C(CCS)=O)CCC1)=O,NA,,,,
392,OC([C@@H]1N(C(CCCS)=O)CCC1)=O,NA,,,,
393,OC([C@H]1N(C(CC(O)=O)=O)CCC1)=O,NA,,,,
394,OC([C@H]1N(C(CCC(O)=O)=O)CCC1)=O,NA,,,,
395,OC([C@H]1N(C(CCCC(O)=O)=O)CCC1)=O,NA,,,,
396,OC([C@@H]1N(C(CC(O)=O)=O)CCC1)=O,NA,,,,
397,OC([C@@H]1N(C(CCC(O)=O)=O)CCC1)=O,NA,,,,
398,OC([C@@H]1N(C(CCCC(O)=O)=O)CCC1)=O,NA,,,,
399,O=C(O)COC[C@@H]1N(C(CS)=O)CCC1,NA,,,,
400,O=C(O)COC[C@@H]1N(C(CCS)=O)CCC1,NA,,,,
401,O=C(O)COC[C@@H]1N(C(CCCS)=O)CCC1,NA,,,,
402,O=C(O)C1N(C(CSC(C)=O)=O)CCCC1,NA,,,,
403,O=C(O)C1N(C(CS)=O)CCCC1,NA,,,,
404,O=C(O)C1N(C(CCS)=O)CCCC1,NA,,,,
405,O=C(O)C1N(C(CCCS)=O)CCCC1,NA,,,,
412,SC1=NN=C(C(F)(F)F)N1C,NA,,,,
413,O=C(O)C1=C(C(C2=CC=C(F)C=C2)=O)C=CC=C1,NA,,,,
414,OC(CCC(C1=CC=C(CCC)C=C1)=O)=O,NA,,,,
415,ClC(C=C1)=CC2=C1C(SCC(O)=O)=CC=N2,NA,,,,
416,CC1=CC=C2C(C(N3CCNCC3)=CC(C(F)(F)F)=N2)=C1,NA,,,,
417,OC(C1=CN=CC(C#CC2=CC=CC=C2)=C1)=O,NA,,,,
418,OC(CCCC1=CNC2=CC=CC=C21)=O,NA,,,,
419,O=C1C2=C(C=CC=C2)OC=C1C#N,NA,,,,
420,FC(F)(F)C1=CC(C2=CC=CS2)=NC(O)=C1C#N,NA,,,,
431,O=C(NC1=CC=CC=C1)CSC2=NN=C(C3=CC=CC=C3C(O)=O)N2,NA,,,,
432,O=C(NC1=NC2=CC=CC=C2N1)CSC3=NN=C(C4=CC=CC=C4C(O)=O)N3,NA,,,,
433,O=C(NC1=NC(C=CC=C2)=C2S1)CSC3=NN=C(C4=CC=CC=C4C(O)=O)N3,NA,,,,
434,O=C(NC1=CC=C(Cl)C=C1)CSC2=NN=C(C3=CC=CC=C3C(O)=O)N2,NA,,,,
435,O=C(NC1=CC=C([N+]([O-])=O)C=C1)CSC2=NN=C(C3=CC=CC=C3C(O)=O)N2,NA,,,,
436,O=C(NCC1=CC=CC=C1)CSC2=NN=C(C3=CC=CC=C3C(O)=O)N2,NA,,,,
437,O=C(NC1=C(Cl)C=CC=C1)CSC2=NN=C(C3=CC=CC=C3C(O)=O)N2,NA,,,,
438,O=C(NC1=CC=CC(Cl)=C1)CSC2=NN=C(C3=CC=CC=C3C(O)=O)N2,NA,,,,
439,O=C(NC1=CC=CC=C1[N+]([O-])=O)CSC2=NN=C(C3=CC=CC=C3C(O)=O)N2,NA,,,,
440,O=C(NC1=CC=CC([N+]([O-])=O)=C1)CSC2=NN=C(C3=CC=CC=C3C(O)=O)N2,NA,,,,
441,O=C(NC1=CC=CC=C1)CSC2=NN=C(CCC(O)=O)N2,NA,,,,
442,O=C(NC1=NC(C=CC=C2)=C2N1)CSC3=NN=C(CCC(O)=O)N3,NA,,,,
443,O=C(NC1=CC=C(Cl)C=C1)CSC2=NN=C(CCC(O)=O)N2,NA,,,,
463,O=C(CSC1=NN=C(C2=CN=CC=C2)O1)NC(S3)=NC4=C3C=CC=C4,NA,,,,
464,O=C(CSC1=NN=C(C2=CN=CC=C2)S1)NC(S3)=NC4=C3C=CC=C4,NA,,,,
466,O=C(NC1=CC=CC=C1)CSC(O2)=NN=C2C3=CN=CC=C3,NA,,,,
467,O=C(NC1=CC=CC=C1)CSC(S2)=NN=C2C3=CN=CC=C3,NA,,,,
501,O=C(C1=CSC(CC2=CC=CC=C2)=N1)O,NA,,,,
502,O=C(C1=CSC(C2=CC=CC=C2)=N1)O,NA,,,,
503,O=C([C@H]1N=C(CC2=CC=CC=C2)SC1)O,NA,,,,
504,O=C([C@H]1N=C(C2=CC=CC=C2)SC1)O,NA,,,,
505,O=C([C@@H]1N=C(C2=CC=CC=C2)SC1)O,NA,,,,
506,O=C([C@H]1NC(CC2=CC=CC=C2)SC1)O,NA,,,,
507,O=C([C@H]1NC(C2=CC=CC=C2)SC1)O,NA,,,,
508,ClC(C=C1)=CC=C1C2=N[C@H](C(O)=O)CS2,NA,,,,
509,BrC(C=C1)=CC=C1C2=N[C@H](C(O)=O)CS2,NA,,,,
510,NC1=CC=CC(C2=N[C@H](C(O)=O)CS2)=C1,NA,,,,
511,CC(NC1=CC=CC(C2=N[C@H](C(O)=O)CS2)=C1)=O,NA,,,,
512,O=C(OC(C)(C)C)NC1=CC=CC(C2=N[C@H](C(O)=O)CS2)=C1,NA,,,,
513,OC(C=CC=C1)=C1C2=N[C@H](C(O)=O)CS2,NA,,,,
514,O=C(CC1=CC=CC=C1)NCC2=N[C@H](C(O)=O)CS2,NA,,,,
515,O=C(CC1=CC=CC(OC)=C1)NCC2=N[C@H](C(O)=O)CS2,NA,,,,
516,O=C(OC(C)(C)C)NCC1=N[C@H](C(O)=O)CS1,NA,,,,
517,O=C(OCC1=CC=CC=C1)NCC2=N[C@H](C(O)=O)CS2,NA,,,,
518,OC(C1OCC(C(O)=O)N1)=O,NA,,,,
519,OC(C1SCC(C(O)=O)N1)=O,NA,,,,
520,OC(C1CCC(C(O)=O)N1)=O,NA,,,,
521,SC1=NN=C(S1)C2=NC=CC=C2,NA,,,,
522,SC1=NN=C(S1)C2=CC=NC=C2,NA,,,,
523,SC1=NN=C(N1)C2=NC=CC=C2,NA,,,,
524,SC1=NN=C(N1)C2=CC=NC=C2,NA,,,,
525,OC1=C(C)OC=CC1=S,NA,,,,
526,CC1=C(CCCC)C=CC(C(O)=O)=C1C(O)=O,NA,,,,
527,OC(C1=C(C(O)=O)C=C(CCCC)C=C1)=O,NA,,,,
528,OC(C1=C(C(O)=O)C=C(C(C)(C)C)C=C1)=O,NA,,,,
529,OC(C1=C(C(O)=O)C=C(C2=CC=CC=C2)C=C1)=O,NA,,,,
530,OC(C1=C(C(O)=O)C=CC=C1)=O,NA,,,,
531,OC(C1=C(C(O)=O)C=C(C)C=C1)=O,NA,,,,
532,CC1=CC=CC(C(O)=O)=C1C(O)=O,NA,,,,
533,OC(C1=C(C(O)=O)C(CCCO)=CC=C1)=O,NA,,,,
534,OC(C1=C(C(O)=O)C(C2=CC=CC=C2)=CC=C1)=O,NA,,,,
535,OC(C1=C(C(O)=O)C(C2=C(O[Na])C=CC=C2)=CC=C1)=O,NA,,,,
536,OC(C1=C(C(O)=O)C(C2=CC(O)=CC=C2)=CC=C1)=O,NA,,,,
537,OC(C1=C(C(O)=O)C(C2=CC=C(O)C=C2)=CC=C1)=O,NA,,,,
538,OC(C1=C(C(O)=O)C(C2=C(C(O)=O)C=CC=C2)=CC=C1)=O,NA,,,,
539,OC(C1=C(C(O)=O)C(C2=CC(C(O)=O)=CC=C2)=CC=C1)=O,NA,,,,
540,OC(C1=C(C(O)=O)C(C2=CC=C(C(O)=O)C=C2)=CC=C1)=O,NA,,,,
541,OC1=C2C(C(C(C(NCCNCCO)=CC=C3NCCNCCO)=C3C2=O)=O)=C(O)C=C1,NA,,,,
542,OC(C1=CC=C([Hg]Cl)C=C1)=O,NA,,,,
543,IC1=CC=C(S(=O)(NCC2=C(COCCC#C)N=NN2)=O)C=C1,NA,,,,
544,IC1=CC=C(S(=O)(NCC2=C(COC)N=NN2)=O)C=C1,NA,,,,
651,IC1=CC=C(S(=O)(NCC(NN=N2)=C2COCCC#C)=O)C=C1,NA,,,,
652,IC1=CC=C(S(=O)(NCC(NN=N2)=C2COC)=O)C=C1,NA,,,,
653,IC1=CC=C(S(=O)(NCC(NN=N2)=C2COCC3OC(C)(C)OC3)=O)C=C1,NA,,,,
654,IC1=CC=C(S(=O)(NCC(NN=N2)=C2CC3=CN(C)C4=C3C=CC=C4)=O)C=C1,NA,,,,
655,IC1=CC=C(S(=O)(NCC(NN=N2)=C2CN3CCN(C4=CC(Cl)=C(Cl)C=C4)CC3)=O)C=C1,NA,,,,
656,IC1=CC=C(S(=O)(NCC(NN=N2)=C2CN3CCN(C4=CC(Cl)=CC=C4C)CC3)=O)C=C1,NA,,,,
545,SCC1=CC(CS)=CC(C(O)=O)=C1,NA,,,,
546,SCC(C1=CC=CC=C1)=O,NA,,,,
547,SCCC(N[C@H](C)C(O)=O)=O,NA,,,,
548,SCCC(N[C@@H](C)C(O)=O)=O,NA,,,,
549,SCCC(NC(C1=CC=CC=C1)C(O)=O)=O,NA,,,,
550,SCCC(N[C@H](CC1=CC=CC=C1)C(O)=O)=O,NA,,,,
551,SCCC(N[C@H](C(C)C)C(O)=O)=O,NA,,,,
552,SC(C(O)=O)C(C(O)=O)S,NA,,,,
553,SC[C@@H](C(O)=O)NC(C1=CC=CC=C1)=O,NA,,,,
554,SC[C@H](C(O)=O)NC(C1=CC=CC=C1)=O,NA,,,,
555,SC[C@@H](C(O)=O)NC(CC1=CC=CC=C1)=O,NA,,,,
556,SC[C@H](C(O)=O)NC(CC1=CC=CC=C1)=O,NA,,,,
557,SC[C@@H](C(O)=O)NC(CCC1=CC=CC=C1)=O,NA,,,,
558,SC[C@H](C(O)=O)NC(CCC1=CC=CC=C1)=O,NA,,,,
559,O=C(C1=CC=C(C)C=C1)O[C@H](C(O)=O)[C@H](OC(C2=CC=C(C)C=C2)=O)C(O)=O,NA,,,,
560,O=C(C(C)(C)C)O[C@H](C(O)=O)[C@H](OC(C(C)(C)C)=O)C(O)=O,NA,,,,
561,O=C(C1=CC=CC=C1)OC(C(O)=O)C(OC(C2=CC=CC=C2)=O)C(O)=O,NA,,,,
562,COC(C=C1)=CC=C1OC2=C(OC3=CC=C(OC)C=C3)C=C(C(O)=O)C(C(O)=O)=C2,NA,,,,
563,COC(C=C1)=CC=C1OC2=C(OC3=CC=C(OC)C=C3)C=C(C(O)=O)C(C(O)=O)=C2,NA,,,,
564,O=C(C1=C(C2=CC=CC=C2)OC(C3=CC=CC=C3)=C1C(O)=O)O,NA,,,,
565,O=C(C1C(C(O)=O)C(C2=CC=CC=C2)C=CC1C3=CC=CC=C3)O,NA,,,,
566,O=C(C(C1=CC=CC=C1)SC(C2=CC=CC=C2)C(O)=O)O,NA,,,,
567,O=S(N[C@@H](C(O)=O)CC1=CC=CC=C1)(N[C@@H](C(O)=O)CC2=CC=CC=C2)=O,NA,,,,
568,O=C(NC1=CC=CC=C1C)C2=CC(C=CC=C3)=C3C=C2OP(O)(O)=O,NA,,,,
569,NC1=CC(S(=O)(O)=O)=C(/C=C/C2=C(S(=O)(O)=O)C=C(N)C=C2)C=C1,NA,,,,
570,SC1=NN=C(C2=CC=CC=C2C)N1/N=C/C3=C(C(O)=O)C=CC=C3,NA,,,,
571,BrC1C(Br)C2C(C(O)=O)C(C(O)=O)C1O2,NA,,,,
572,OC(C(CC1=CC=CC=C1Cl)CC(O)=O)=O,NA,,,,
573,OC(CC(CC1=CC=C(OCO2)C2=C1)C(O)=O)=O,NA,,,,
574,O[C@H]1CC[C@@]2(C)[C@@](C(C(O)=O)C(C(O)=O)[C@]3(CC)C2=CC[C@@]4(C)[C@@]3([H])CC[C@@H]4C(C)=O)(CC)C1,NA,,,,
575,IC1=C(O)C(/C=N/C(CO)(C)CO)=CC(I)=C1,NA,,,,
576,CC(SC(C(O)=O)C1=CC=CC=C1)=O,NA,,,,
577,O=C(C1=CC=CC=C1)SC(C2=CC=CC=C2)C(O)=O,NA,,,,
578,SC(C(O)=O)C1=CC=CC=C1,NA,,,,
579,SC(C(O)=O)C1=CC=C(OC)C=C1,NA,,,,
580,SC(C(O)=O)C1=CC=C(F)C=C1,NA,,,,
581,O=C(C(SSC(C1=CC=CC=C1)C(O)=O)C2=CC=CC=C2)O,NA,,,,
582,O=C(C(SSC(C1=CC=C(OC)C=C1)C(O)=O)C2=CC=C(OC)C=C2)O,NA,,,,
583,SC1=C(C(O)=O)C=CC=C1,NA,,,,
584,SC1=CC=C(C(O)=O)C=C1,NA,,,,
585,SCC1=CC=CC=C1,NA,,,,
586,O=C(O)[C@@]([H])(CC1=CC(OCO2)=C2C=C1)[C@@](CC3=CC4=C(OCO4)C=C3)([H])C(O)=O,NA,,,,
587,O=C(O)[C@@]([H])(CC1=CC=CC=C1)[C@@](CC2=CC=CC=C2)([H])C(O)=O,NA,,,,
588,O=C(O)[C@@](CC1=CC=CC=C1)([H])[C@@]([H])(CC2=CC=CC=C2)C(O)=O,NA,,,,
589,O=C(O)[C@@]([H])(CC1=CC=CC=C1)[C@@]([H])(CC2=CC=CC=C2)C(O)=O,NA,,,,
590,O=C(O)[C@@]([H])([H])[C@@]([H])([H])C(O)=O,NA,,,,
591,O=C(O)[C@@]([H])(CC1=CC=CC=C1)C([H])([H])C(O)=O,NA,,,,
592,O=C(O)C(C)(C)C([H])([H])C(O)=O,NA,,,,
593,O=C(O)[C@@](CC)(C)C([H])([H])C(O)=O,NA,,,,
594,O=C(O)[C@@]([H])([C@@H](C)C1=CC=CC=C1)[C@@](CC2=CC=CC=C2)([H])C(O)=O,NA,,,,
595,O=C(O)[C@@]([H])([C@@H](C1=CC=CC=C1)C)[C@@](CC2=CC=CC=C2)([H])C(O)=O,NA,,,,
596,O=C(O)[C@@]([H])(CC1=CC=CC=C1)[C@@](CC2=CC3=C(OCO3)C=C2)([H])C(O)=O,NA,,,,
597,O=C1N(C(C(O)=O)=C(SC2=CC(C=CC=C3)=C3S2)[C@@H]4C)[C@@]4([H])[C@@]1([H])[C@H](O)C,NA,,,,
598,O=C1N(C(C(O)=O)=C(SC2=CSC3=C2C=CC=C3)[C@@H]4C)[C@@]4([H])[C@@]1([H])[C@H](O)C,NA,,,,
599,O=C1N(C(C(OC)=O)=C(SC2=CC(C=CC=C3)=C3S2)[C@@H]4C)[C@@]4([H])[C@@]1([H])[C@H](O)C,NA,,,,
600,O=C1N(C(C(O)=O)=C(S[C@@H]2CN[C@H](CSC3=CC(C=CC=C4)=C4S3)C2)[C@@H]5C)[C@@]5([H])[C@@]1([H])[C@H](O)C,NA,,,,
601,O=C1N(C(C(O)=O)=C(SC2=NC(C=CC=C3)=C3S2)[C@@H]4C)[C@@]4([H])[C@@]1([H])[C@H](O)C,NA,,,,
602,O=C1N(C(C(O)=O)=C(SC2=NC(C=CC=C3)=C3N2)[C@@H]4C)[C@@]4([H])[C@@]1([H])[C@H](O)C,NA,,,,
603,O=C1N(C(C(O)=O)=C(SC(N2CC=C(C[N+]3(CC4)CC[N+]4(CC(N)=O)CC3)CC2)=S)[C@@H]5C)[C@@]5([H])[C@@]1([H])[C@H](O)C,NA,,,,
604,O=C1[C@@]([C@H](O)C)([H])[C@]2([H])N1C(C(O)=O)=C(SC(N3CC=C(C[N+]4(CC5)CC[N+]5(CCO)CC4)CC3)=S)[C@@H]2C,NA,,,,
605,O=C1[C@@]([C@H](O)C)([H])[C@]2([H])N1C(C(O)=O)=C(SC(N3CC=C(C[N+]4(CC5)CCN5CC4)CC3)=S)[C@@H]2C,NA,,,,
606,O=C1[C@@]([C@H](O)C)([H])[C@]2([H])N1C(C(O)=O)=C(SC(N3CC=C(C[N+]4=CC=C(CC(N)=O)C=C4)CC3)=S)[C@@H]2C,NA,,,,
607,O=C1[C@@]([C@H](O)C)([H])[C@]2([H])N1C(C(O)=O)=C(SC(N3CC=CCC3)=S)[C@@H]2C,NA,,,,
608,O=C1[C@@]([C@H](O)C)([H])[C@]2([H])N1C(C(O)=O)=C(SC(N(C)CCO)=S)[C@@H]2C,NA,,,,
609,O=C1[C@@]([C@H](O)C)([H])[C@]2([H])N1C(C(O)=O)=C(SC(N3CCCC3)=S)[C@@H]2C,NA,,,,
610,O=C1[C@@]([C@H](O)C)([H])[C@]2([H])N1C(C(O)=O)=C(S[C@@H]3CN[C@H](C4=CC=C(CN)C(CN)=C4)C3)[C@@H]2C,NA,,,,
611,O=C1[C@@]([C@H](O)C)([H])[C@]2([H])N1C(C(O)=O)=C(S[C@@H]3CN[C@H](C4=CC=CC(CN)=C4)C3)[C@@H]2C,NA,,,,
612,O=C1[C@@]([C@H](O)C)([H])[C@]2([H])N1C(C(O)=O)=C(S[C@@H]3CN[C@H](C4=CC=CC=C4)C3)[C@@H]2C,NA,,,,
613,O=C1[C@@]([C@H](O)C)([H])[C@]2([H])N1C(C(O)=O)=C(S[C@@H]3CN[C@@H](C4=CC=C(CNC)C=C4)C3)[C@@H]2C,NA,,,,
614,O=C1[C@@]([C@H](O)C)([H])[C@]2([H])N1C(C(O)=O)=C(S[C@@H]3CN[C@@H](C4=CC=C(CNC)C=C4)[C@H]3C)[C@@H]2C,NA,,,,
615,S[C@@H]1CN[C@@H](C2=CC=C(CNC)C=C2)C1,NA,,,,
616,O=C1[C@@]([C@H](O)C)([H])[C@]2([H])N1C(C(O)=O)=C(S[C@@H]3CN(CCO)[C@@H](C4=CC=C(CN)C=C4)C3)[C@@H]2C,NA,,,,
617,O=C1[C@@]([C@H](O)C)([H])[C@]2([H])N1C(C(O)=O)=C(S[C@@H]3CN[C@@H](C4=CC=C(CN)C=C4)C3)[C@@H]2C,NA,,,,
618,O=C1[C@@]([C@H](O)C)([H])[C@]2([H])N1C(C(O)=O)=C(S[C@@H]3CN[C@@H](C4=CC=C(C(C(N)=O)N)C=C4)C3)[C@@H]2C,NA,,,,
619,O=C1[C@@]([C@H](O)C)([H])[C@]2([H])N1C(C(O)=O)=C(S[C@@H]3CN[C@@H](C4=CC=C(CO)C=C4)C3)[C@@H]2C,NA,,,,
620,O=C1[C@@]([C@H](O)C)([H])[C@]2([H])N1C(C(O)=O)=C(S[C@@H]3CNC(C(CC4)CCC4CN)C3)[C@@H]2C,NA,,,,
621,O=C1[C@@]([C@H](O)C)([H])[C@]2([H])N1C(C(O)=O)=C(S[C@@H]3CN[C@H](CC4=CC=C(CN)C=C4)C3)[C@@H]2C,NA,,,,
622,O=C1[C@@]([C@H](O)C)([H])[C@]2([H])N1C(C(O)=O)=C(SCCNCC3=CC=C(CN)C=C3)[C@@H]2C,NA,,,,
623,O=C1[C@@]([C@H](O)C)([H])[C@]2([H])N1C(C(O)=O)=C(S[C@@H]3CN[C@H](C4=CC=C(CN)S4)C3)[C@@H]2C,NA,,,,
624,O=C1[C@@]([C@H](O)C)([H])[C@]2([H])N1C(C(O)=O)=C(S[C@@H]3CN[C@H](C4=CC=C(CNC)S4)C3)[C@@H]2C,NA,,,,
625,O=C1[C@@]([C@H](O)C)([H])[C@]2([H])N1C(C(O)=O)=C(S[C@@H]3CN[C@H](C4=CSC(CNC)=C4)C3)[C@@H]2C,NA,,,,
626,O=S(CCN1CCOCC1)(O)=O,NA,,,,
627,O=S(CCN1CCN(CCS(=O)(O)=O)CC1)(O)=O,NA,,,,
628,O=S(CCCN1CCOCC1)(O)=O,NA,,,,
629,O=S(CC(O)CN1CCOCC1)(O)=O,NA,,,,
630,OC(N)CC(CC(O)N)CC(O)CS(=O)(O)=O,NA,,,,
632,C1(C2=CC=CC=C2C3=NN=NN3)=CC=CC=C1,NA,,,,
633,CC1=CC=C(C2=CC=CC=C2C3=NN=NN3)C=C1,NA,,,,
634,C1(CN2C=NC3=C2C=CC=C3)=CC=C(C4=CC=CC=C4C5=NN=NN5)C=C1,NA,,,,
635,CC1=NC(C=CC=C2)=C2N1CC3=CC=C(C4=CC=CC=C4C5=NN=NN5)C=C3,NA,,,,
636,C1(CN2C=NC3=C2N=CC=C3)=CC=C(C4=CC=CC=C4C5=NN=NN5)C=C1,NA,,,,
637,ClC1=NC2=C(C=C1)N=C(CCC)N2CC3=CC=C(C4=CC=CC=C4C5=NN=NN5)C=C3,NA,,,,
638,CC1=CC=NC2=C1N=C(C(C)C)N2CC3=CC=C(C4=CC=CC=C4C5=NN=NN5)C=C3,NA,,,,
639,O=C1C2=C(C=CC(O)=C2)N=C(CCCC)N1C3=CC=C(C4=CC=CC=C4C5=NN=NN5)C=C3,NA,,,,
640,C1(COC2=CC=C(C(CCC=C3)=C3N4)C4=C2)=CC=C(C5=CC=CC=C5C6=NN=NN6)C=C1,NA,,,,
641,OC1=CC2=C(C=C1)C3=C(C=CCC3)N2CC4=CC=C(C5=CC=CC=C5C6=NN=NN6)C=C4,NA,,,,
642,C1(CN2C(C=CCC3)=C3C4=C2C=CC=C4)=CC=C(C5=CC=CC=C5C6=NN=NN6)C=C1,NA,,,,
643,O=C1C2=C(C=CS2)N=C(CCCC)N1CC3=CC=C(C4=CC=CC=C4C5=NN=NN5)C=C3,NA,,,,
644,CCCC1=NC(CC)=C(C=O)N1CC2=CC=C(C3=CC=CC=C3C4=NN=NN4)C=C2,NA,,,,
645,O=C(O)C1=CC=CC(C(O)=O)=N1,NA,,,,
646,NC(C(N[C@H](C)C(SCC(O)=O)=O)=O)C1=CC=CC=C1,NA,,,,
647,O=C(N[C@H](C)C(SCC(O)=O)=O)CC1=CC=CC=C1,NA,,,,
648,O=C(N[C@H](C)C(SCC(O)=O)=O)C1=CC=CC=C1,NA,,,,
649,C[C@@H]([NH3+])C(SCC(O)=O)=O.O=C([O-])C(Cl)(Cl)Cl,NA,,,,
650,O=C(NOC(SCC(O)=O)=O)C1=CC=CC=C1,NA,,,,
710,NC1=C(C#N)C(C2=CC=CC=C2)=C(C3=CC=CC=C3)N1CC4=CC=CC=C4,NA,,,,
711,O=C(C1=CC=CC=C1)N(C(C2=CC=CC=C2)=O)C3=C(C#N)C(C4=CC=CC=C4)=C(C5=CC=CC=C5)N3CC6=CC=CC=C6,NA,,,,
712,O=C(C1=CC=CC=C1)NC2=C(C#N)C(C3=CC=CC=C3)=C(C4=CC=CC=C4)N2CC5=CC=CC=C5,NA,,,,
713,O=C(C1=CC=C([N+]([O-])=O)C=C1)NC2=C(C#N)C(C3=CC=CC=C3)=C(C4=CC=CC=C4)N2CC5=CC=CC=C5,NA,,,,
714,O=C(C1=CC=C(C(C2=CC=CC=C2)=O)C=C1)NC3=C(C#N)C(C4=CC=CC=C4)=C(C5=CC=CC=C5)N3CC6=CC=CC=C6,NA,,,,
715,O=C(C1=CC(C)=CC(C)=C1)NC2=C(C#N)C(C3=CC=CC=C3)=C(C4=CC=CC=C4)N2CC5=CC=CC=C5,NA,,,,
716,O=C(C1=CC=CC([N+]([O-])=O)=C1)NC2=C(C#N)C(C3=CC=CC=C3)=C(C4=CC=CC=C4)N2CC5=CC=CC=C5,NA,,,,
717,S[C@@H](C(O)=O)C1=CC=CC=C1,NA,,,,
718,S[C@@H](C(O)=O)CC1=CC=CC=C1,NA,,,,
723,O=C(OC)C(C=N1)=CC=C1CN(CC2=NC=CC=C2)CC3=NC=CC=C3,NA,,,,
724,OC(C(C=N1)=CC=C1CN(CC2=NC=CC=C2)CC3=NC=CC=C3)=O,NA,,,,
725,OCC(C=N1)=CC=C1CN(CC2=NC=CC=C2)CC3=NC=CC=C3,NA,,,,
726,ClNCC(C=N1)=CC=C1CN(CC2=NC=CC=C2)CC3=NC=CC=C3,NA,,,,
727,O=C(N[C@H](C)C(N[C@H](C)C(OC)=O)=O)C(C=N1)=CC=C1CN(CC2=NC=CC=C2)CC3=NC=CC=C3,NA,,,,
728,O=C(N[C@@H](C)C(N[C@@H](C)C(OC)=O)=O)C(C=N1)=CC=C1CN(CC2=NC=CC=C2)CC3=NC=CC=C3,NA,,,,
729,O=C(NCC(NCC(OC)=O)=O)C(C=N1)=CC=C1CN(CC2=NC=CC=C2)CC3=NC=CC=C3,NA,,,,
730,O=C(NCC=C)C(C=N1)=CC=C1CN(CC2=NC=CC=C2)CC3=NC=CC=C3,NA,,,,
731,O=C(N1CCNCC1)C(C=N2)=CC=C2CN(CC3=NC=CC=C3)CC4=NC=CC=C4,NA,,,,
732,N[C@@H](C)C(N[C@@H](C)C(NCC(C=N1)=CC=C1CN(CC2=NC=CC=C2)CC3=NC=CC=C3)=O)=O,NA,,,,
733,O=C(NC1=CC=C(CC(N[C@H](C)C(N[C@H](C)C(OC)=O)=O)=O)C=C1)C(C=N2)=CC=C2CN(CC3=NC=CC=C3)CC4=NC=CC=C4,NA,,,,
734,O=C(NCCCCCCNC([C@@H](C)NC([C@@H](C)N)=O)=O)C(C=N1)=CC=C1CN(CC2=NC=CC=C2)CC3=NC=CC=C3,NA,,,,
735,O=C(N1CCC(CCNC([C@@H](C)NC([C@@H](C)N)=O)=O)CC1)C(C=N2)=CC=C2CN(CC3=NC=CC=C3)CC4=NC=CC=C4,NA,,,,
736,O=C(N1CCN(C([C@@H](C)NC([C@@H](C)N)=O)=O)CC1)C(C=N2)=CC=C2CN(CC3=NC=CC=C3)CC4=NC=CC=C4,NA,,,,
738,CC/C(C(O[Na])=O)=C(C(O[Na])=O)\CC,NA,,,,
739,SC1=CC=CC=C1P(OC(C)C)(OC(C)C)=O,NA,,,,
740,SC1=CC=CC=C1P(O)(O)=O,NA,,,,
741,SCC1=CC=CC=C1P(OC(C)C)(OC(C)C)=O,NA,,,,
742,SCC1=CC=CC=C1P(O)(O)=O,NA,,,,
743,CCC(S)P(OC(C)C)(OC(C)C)=O,NA,,,,
744,OP(C(S)CC)(O)=O,NA,,,,
745,O=P(C(S)C1=CC=CC=C1)(OC(C)C)OC(C)C,NA,,,,
746,OP(C(S)C1=CC=CC=C1)(O)=O,NA,,,,
747,FC1=CC=C(S)C(P(O)(O)=O)=C1,NA,,,,
748,OP(C(S)C1=C(Cl)C=C(Cl)C=C1)(O)=O,NA,,,,
749,OP(C(S)C1=C(OC)C=CC=C1)(O)=O,NA,,,,
750,OP(C(S)C1=CC=C(Br)C=C1)(O)=O,NA,,,,
751,OP(C(S)C1=CC=C(Cl)C=C1)(O)=O,NA,,,,
752,OP(C(S)C1=CC=C(F)C=C1)(O)=O,NA,,,,
753,ClC1=NC=NC2=C1C(C3=CC=CC=C3)=C(C4=CC=CC=C4)N2C5=CC=C(C)C=C5,NA,,,,
754,ClC1=NC=NC2=C1C(C3=CC=CC=C3)=C(C4=CC=CC=C4)N2C5=CC=C(OC)C=C5,NA,,,,
755,ClC1=NC=NC2=C1C(C3=CC=CC=C3)=CN2C4=CC=C(C)C=C4,NA,,,,
756,COC(C=C1)=CC=C1N(C(N=CN/2)=C3C2=C(C#N)/C#N)C(C4=CC=CC=C4)=C3C5=CC=CC=C5,NA,,,,
757,CC(C=C1)=CC=C1N(C2=C3C(NC/N=C/C4=CC=CC=C4)=NC=N2)C(C5=CC=CC=C5)=C3C6=CC=CC=C6,NA,,,,
758,CC(C=C1)=CC=C1N(C(N=CN23)=C4C2=NNC3=S)C(C5=CC=CC=C5)=C4C6=CC=CC=C6,NA,,,,
759,NC(NNC(C1=CC=CC=C1)=O)=S,NA,,,,
760,O=C(C1=CC=C(C(NNC(N)=S)=O)C=C1)C2=CC=CC=C2,NA,,,,
761,NC(NNC(C(C=C1)=CC=C1CC2=CC=CC=C2)=O)=S,NA,,,,
762,O=C(C1=CC=C(C(NNC(N)=S)=O)C=C1)C2=CC([N+]([O-])=O)=CC=C2,NA,,,,
763,O=C(C1=CC=C(C(NNC(N)=S)=O)C=C1)C2=CC=C([N+]([O-])=O)C=C2,NA,,,,
764,O=C(C1=CC=C(C(NNC(N)=S)=O)C=C1)C2=C(Cl)C=CC=C2,NA,,,,
765,O=C(C1=CC=CC(C(NNC(N)=S)=O)=C1)C2=CC=C(C)C=C2,NA,,,,
766,O=C(C1=CC=C(C(C2=NN=C(S)N2)=O)C=C1)C3=CC=CC=C3,NA,,,,
767,O=C([C@@H](CS)C)N1CCC[C@H]1C(O)=O,NA,,,,
768,S=C1NC(C2=CC=CC=C2)C(C(C)=O)=C(C)N1,NA,,,,
769,S=C1NC(/C=C/C2=CC=CC=C2)C(C(C)=O)=C(C)N1,NA,,,,
770,CC1=C(C(C)=O)C(C2=CC=C(OC)C=C2)NC(SCC(O)=O)=N1,NA,,,,
771,S=C1NC(C2=CC=C(OC)C=C2)C(/C(C)=C(C#N)/C#N)=C(C)N1,NA,,,,
772,S=C1NC(/C=C/C2=CC=CC=C2)C(C3=NN(C4=CC=CC=C4)C(C5=CC=CC=C5OC)=C3)=C(C)N1,NA,,,,
773,S=C1NC(/C=C/C2=CC=CC=C2)C(C(NC3=CC=C(S(=O)(NC4=NC=CC=N4)=O)C=C3)=O)=C(C)N1,NA,,,,
774,NC1=C(C#N)C(C2=CC=CC=C2)=C(C3=CC=CC=C3)N1CC4=CC=CC=C4,NA,,,,
775,N#CC1=C(N/N=C(C#N)\C#N)N(CC2=CC=CC=C2)C(C3=CC=CC=C3)=C1C4=CC=CC=C4,NA,,,,
776,ClC1=CC(N2C=C(C3=CC=CC=C3)C4=C2NC(NC4=O)=S)=CC=C1Cl,NA,,,,
777,O=C1C2=C(N=CN1)N(CC3=CC=CC=C3)C(C4=CC=CC=C4)=C2C5=CC=CC=C5,NA,,,,
778,S=C1C2=C(N=CN1)N(CC3=CC=CC=C3)C(C4=CC=CC=C4)=C2C5=CC=CC=C5,NA,,,,
779,NNC1=NC=NC2=C1C(C3=CC=CC=C3)=C(C4=CC=CC=C4)N2CC5=CC=CC=C5,NA,,,,
788,O=C([C@@H]1C(C)(C)C1)N/C(C(O)=O)=C\CCCCSC[C@@]([H])(C(O)=O)N,NA,,,,
789,CC(C(SCC(O)=O)=O)NC(C1=CC=CC=C1)=O,NA,,,,
790,O=S(CCN1CCOCC1)(O)=O,NA,,,,
791,O=C(N[C@H](C1=CC=C(CN2N=NN=C2)S1)C(O)=O)[C@@H](CS)CCC3=CC=CC=C3,NA,,,,
792,OC[C@H]1N[C@@H](C(NCCS(=O)(O)=O)=O)C[C@H]1OC2O[C@@H](CO)[C@@H](OS(=O)(O)=O)C(O)C2NC(C)=O,NA,,,,
820,O=P([O-])(O)CC(C1=C([H])C2=C(OCO2)C=C1O3)=CC3=O,NA,,,,
821,O=P([O-])(O)CC(C1=C([H])C([H])=C(C)C=C1O2)=CC2=O,NA,,,,
822,O=P([O-])(O)CC(C1=C([H])C(C)=C([H])C=C1O2)=CC2=O,NA,,,,
824,O=P([O-])(O)CC(C1=C(OC)C([H])=C(C)C=C1O2)=CC2=O,NA,,,,
825,O=P([O-])(O)CC(C1=C(F)C([H])=C(F)C=C1O2)=CC2=O,NA,,,,
832,O=P([O-])(O)CC1=CC=NC2=CC([H])=C([H])C([H])=C21,NA,,,,
838,O=C1C=CC(CC(N)C(O)=O)C=C1O,NA,,,,
839,COC1=CC(C(C(CO)O2)OC3=C2C=CC(C(C(O)C4=O)OC5=C4C(O)=CC(O)=C5)=C3)=CC=C1O,NA,,,,
875,O=C(CS)N[C@H](C(O)=O)CC(C=C1)=CC=C1COC2=CC=CC=C2,NA,,,,
876,O=C(CS)N[C@H](C(O)=O)CC(C=C1)=CC=C1COC2=C(C)C=CC=C2,NA,,,,
877,O=C(CS)N[C@H](C(O)=O)CC(C=C1)=CC=C1COC2=CC(C)=CC=C2,NA,,,,
878,O=C(CS)N[C@H](C(O)=O)CC(C=C1)=CC=C1COC2=CC=C(C)C=C2,NA,,,,
879,O=C(CS)N[C@H](C(O)=O)CC(C=C1)=CC=C1COC2=C(Cl)C=CC=C2,NA,,,,
880,O=C(CS)N[C@H](C(O)=O)CC(C=C1)=CC=C1COC2=CC(Cl)=CC=C2,NA,,,,
881,O=C(CS)N[C@H](C(O)=O)CC(C=C1)=CC=C1COC2=CC=C(Cl)C=C2,NA,,,,
882,O=C(CS)N[C@H](C(O)=O)CC(C=C1)=CC=C1COC2=C([N+]([O-])=O)C=CC=C2,NA,,,,
883,O=C(CS)N[C@H](C(O)=O)CC(C=C1)=CC=C1COC2=CC([N+]([O-])=O)=CC=C2,NA,,,,
884,O=C(CS)N[C@H](C(O)=O)CC(C=C1)=CC=C1COC2=CC=C([N+]([O-])=O)C=C2,NA,,,,
885,O=C(CS)N[C@H](C(O)=O)CC(C=C1)=CC=C1COC2=CC(Br)=CC=C2,NA,,,,
886,O=C(CS)N[C@H](C(O)=O)CC(C=C1)=CC=C1COC2=CC=C(Br)C=C2,NA,,,,
890,N1(CC2=CC=CC=C2)C=CN=C1,NA,,,,
891,CC1=NC=CN1CC2=CC=CC=C2,NA,,,,
892,CC(C=C1)=CC=C1CN2C=CN=C2,NA,,,,
893,CC1=NC=CN1CC2=CC=C(C)C=C2,NA,,,,
894,ClC1=CC=CC=C1CN2C=CN=C2,NA,,,,
895,CC1=NC=CN1CC2=CC=CC=C2Cl,NA,,,,
896,ClC(C=C1)=CC=C1CN2C=CN=C2,NA,,,,
897,CC1=NC=CN1CC2=CC=C(Cl)C=C2,NA,,,,
898,COC(C=C1)=CC=C1CN2C=CN=C2,NA,,,,
899,CC1=NC=CN1CC2=CC=C(OC)C=C2,NA,,,,
900,NC(C=C1)=CC=C1CN2C=CN=C2,NA,,,,
901,CC1=NC=CN1CC2=CC=C(N)C=C2,NA,,,,
902,ClC1=CC=C(N)C=C1CN2C=CN=C2,NA,,,,
903,ClC1=CC=C(N)C=C1CN2C=CN=C2C,NA,,,,
904,OC(C=C1)=CC=C1CN2C=CN=C2,NA,,,,
905,OC(C=C1)=CC=C1CN2C=CN=C2C,NA,,,,
906,NCC1=CC(C(OC)=O)=CC=C1,NA,,,,
907,NC1=CC=C(C(F)(F)F)C=C1N,NA,,,,
908,OCC1=CC=C(N2C=NC=C2)C=C1,NA,,,,
909,FC1=CC(Cl)=C(CC(N)=O)C=C1,NA,,,,
910,NC1=CC(CN2C=NC=C2)=CC=C1,NA,,,,
911,OCC1=CC=C(CN2C=NC=C2)C=C1,NA,,,,
912,NC1=CC(C2=CN=CC=C2)=CC=C1,NA,,,,
913,NC1=CC=C(CN2C=NC=C2)C=C1,NA,,,,
914,ClC1=CC=C(C2=NNC(N)=C2)C=C1,NA,,,,
915,CN1C(C(F)(F)F)=NN=C1S,NA,,,,
916,O=C([C@H](C)CS)N1CCC[C@H]1C(O)=O,NA,,,,
917,O=C(N1)SC2=C1S[C@@]([C@H]3CC[C@@H]4C3)([H])[C@@]4([H])[C@H]2C5=CC=CN=C5,NA,,,,
929,CC1=NC2=CC3=C(OCO3)C=C2C(N/N=C/C4=CC=C(C(OCC)OCC)C=C4)=C1,NA,,,,
941,O=S(NC(C=C1)=CC=C1/C=N/NC2=CC=NC3=CC=CC=C32)(C)=O,NA,,,,
942,CSC(C=C1)=CC=C1/C=N/NC2=CC=NC3=CC=CC=C32,NA,,,,
943,CC1=NC2=CC3=C(OCO3)C=C2C(NNCC4=CC=C(NS(=O)(C)=O)C=C4)=C1,NA,,,,
948,ClC1=C(Cl)C=CC(Cl)=C1/C=C2SC(N(CC(NN3CCN(C)CC3)=O)C\2=O)=S,NA,,,,
955,O=C(NCCS)CC1=CC=CC=C1,NA,,,,
956,O=C(NC(C)C(SCC(O)=O)=O)C1=CC=CC=C1,NA,,,,
957,OS(CCN1CCOCC1)(=O)=O,NA,,,,
960,N1(CC2=C(C=CC=C3)C3=CC=C2)C=CN=C1,NA,,,,
961,CC1=NC=CN1CC2=C(C=CC=C3)C3=CC=C2,NA,,,,
962,[O-][N+](C1=CC(CN2C=CN=C2)=CC=C1)=O,NA,,,,
963,CC1=NC=CN1CC2=CC=CC([N+]([O-])=O)=C2,NA,,,,
964,[O-][N+](C(C=C1)=CC=C1CN2C=CN=C2)=O,NA,,,,
965,CC1=NC=CN1CC2=CC=C([N+]([O-])=O)C=C2,NA,,,,
966,ClC1=CC=C([N+]([O-])=O)C=C1CN2C=CN=C2,NA,,,,
967,CC1=NC=CN1CC2=CC([N+]([O-])=O)=CC=C2Cl,NA,,,,
968,NC1=CC(CN2C=CN=C2)=CC=C1,NA,,,,
969,CC1=NC=CN1CC2=CC=CC(N)=C2,NA,,,,
1000,FC(C1=CC(C2=NN=C3SCCCN32)=CC=C1)(F)F,NA,,,,
1001,ClC(C=C1)=CC=C1C2=NN=C3SCCCN32,NA,,,,
1002,BrC(C=C1)=CC=C1C2=NN=C3SCCCN32,NA,,,,
1003,IC(C=C1)=CC=C1C2=NN=C3SCCCN32,NA,,,,
1004,FC(C(C=C1)=CC=C1C2=NN=C3SCCCN32)(F)F,NA,,,,
1005,CC1=C([N+]([O-])=O)C=CC=C1C2=NN=C3SCCCN32,NA,,,,
1006,BrC(C=C1)=CC=C1C2=NN=C3SCCN32,NA,,,,
1007,CC(NC(C=C1)=CC=C1NC(C=C2)=CC=C2C3=NN=C4SCCCN43)=O,NA,,,,
1008,OC(C=CC=C1)=C1C2=NN=C3SCCCN32,NA,,,,
1009,CC(C)(C)C(C=C1)=CC=C1C2=NN=C3SCCCN32,NA,,,,
1020,N1(CC2=CC=CC=C2)C=CN=C1,NA,,,,
1021,CC1=NC=CN1CC2=CC=CC=C2,NA,,,,
1022,CC(C=C1)=CC=C1CN2C=CN=C2,NA,,,,
1023,CC(C=C1)=CC=C1CN2C=CN=C2C,NA,,,,
1024,ClC1=CC=CC=C1CN2C=CN=C2,NA,,,,
1025,ClC1=CC=CC=C1CN2C=CN=C2C,NA,,,,
1026,ClC(C=C1)=CC=C1CN2C=CN=C2,NA,,,,
1027,ClC(C=C1)=CC=C1CN2C=CN=C2C,NA,,,,
1028,COC(C=C1)=CC=C1CN2C=CN=C2,NA,,,,
1029,CC1=NC=CN1CC2=CC=C(OC)C=C2,NA,,,,
1030,N1(CC2=CC=CC3=C2C=CC=C3)C=CN=C1,NA,,,,
1031,CC1=NC=CN1CC2=CC=CC3=C2C=CC=C3,NA,,,,
1032,O=[N+](C1=CC(CN2C=CN=C2)=CC=C1)[O-],NA,,,,
1033,CC1=NC=CN1CC2=CC=CC([N+]([O-])=O)=C2,NA,,,,
1034,O=[N+](C(C=C1)=CC=C1CN2C=CN=C2)[O-],NA,,,,
1035,CC1=NC=CN1CC2=CC=C([N+]([O-])=O)C=C2,NA,,,,
1036,ClC1=CC=C([N+]([O-])=O)C=C1CN2C=CN=C2,NA,,,,
1037,ClC1=CC=C([N+]([O-])=O)C=C1CN2C=CN=C2C,NA,,,,
1038,NC1=CC(CN2C=C[N+]([H])=C2)=CC=C1,NA,,,,
1039,NC1=CC(CN2C=C[N+]([H])=C2C)=CC=C1,NA,,,,
1040,[H][N+]1=CN(CC2=CC=C(N)C=C2)C=C1,NA,,,,
1041,[H][N+]1=C(C)N(CC2=CC=C(N)C=C2)C=C1,NA,,,,
1042,[H][N+]1=CN(CC2=CC(N)=CC=C2Cl)C=C1,NA,,,,
1043,[H][N+]1=C(C)N(CC2=CC(N)=CC=C2Cl)C=C1,NA,,,,
1044,OC(C=C1)=CC=C1CN2C=CN=C2,NA,,,,
1045,OC(C=C1)=CC=C1CN2C=CN=C2C,NA,,,,
1046,O=C(NC1=CC=CC=C1)CSC2=NN=C(C3=C(C(O)=O)C=CC=C3)N2,NA,,,,
1047,O=C(NC1=NC2=CC=CC=C2N1)CSC3=NN=C(C4=C(C(O)=O)C=CC=C4)N3,NA,,,,
1048,O=C(NC1=NC2=CC=CC=C2S1)CSC3=NN=C(C4=C(C(O)=O)C=CC=C4)N3,NA,,,,
1049,O=C(NC1=CC=C(Cl)C=C1)CSC2=NN=C(C3=C(C(O)=O)C=CC=C3)N2,NA,,,,
1050,O=C(NC1=CC=C([N+]([O-])=O)C=C1)CSC2=NN=C(C3=C(C(O)=O)C=CC=C3)N2,NA,,,,
1051,O=C(NCC1=CC=CC=C1)CSC2=NN=C(C3=C(C(O)=O)C=CC=C3)N2,NA,,,,
1052,O=C(NC1=C(Cl)C=CC=C1)CSC2=NN=C(C3=C(C(O)=O)C=CC=C3)N2,NA,,,,
1053,O=C(NC1=CC(Cl)=CC=C1)CSC2=NN=C(C3=C(C(O)=O)C=CC=C3)N2,NA,,,,
1054,O=C(NC1=C([N+]([O-])=O)C=CC=C1)CSC2=NN=C(C3=C(C(O)=O)C=CC=C3)N2,NA,,,,
1055,O=C(NC1=CC([N+]([O-])=O)=CC=C1)CSC2=NN=C(C3=C(C(O)=O)C=CC=C3)N2,NA,,,,
1056,OC(C=CC=C1)=C1C2=NN=C(SCC(NC3=CC=C(Cl)C=C3)=O)S2,NA,,,,
1057,OC(C=CC=C1)=C1C2=NN=C(SCC(NC3=CC(Cl)=CC=C3)=O)S2,NA,,,,
1058,OC(C=CC=C1)=C1C2=NN=C(SCC(NC3=CC(Cl)=C(Cl)C=C3)=O)S2,NA,,,,
1059,OC(C=CC=C1)=C1C2=NN=C(SCC(NC3=CC=C(Cl)C=C3Cl)=O)S2,NA,,,,
1060,OC(C=CC=C1)=C1C2=NN=C(SCC(NC3=C([N+]([O-])=O)C=C(Cl)C=C3)=O)S2,NA,,,,
1061,OC(C=CC=C1)=C1C2=NN=C(SCC(NC3=CC(Cl)=CC=C3[N+]([O-])=O)=O)S2,NA,,,,
1062,OC(C=CC=C1)=C1C2=NN=C(SCC(NC3=CC=C(Cl)C=C3[N+]([O-])=O)=O)S2,NA,,,,
1063,OC(C=CC=C1)=C1C2=NN=C(SCC(NC3=CC=C(OC(F)(F)F)C=C3)=O)S2,NA,,,,
1064,OC(C=CC=C1)=C1C2=NN=C(SCC(NC3=CC=C(F)C=C3)=O)S2,NA,,,,
1065,OC(C=CC=C1)=C1C2=NN=C(SCC(NC3=CC(F)=CC=C3)=O)S2,NA,,,,
1066,OC(C=CC=C1)=C1C2=NN=C(SCC(NC3=CC=CC=C3F)=O)S2,NA,,,,
1067,OC(C=CC=C1)=C1C2=NN=C(SCC(NC3=C(F)C=CC=C3F)=O)S2,NA,,,,
